place_id,AE,AO,AR,AT,AU,BD,BE,BF,BH,BO,BR,BW,CA,CD,CH,CI,CL,CM,CN,CO,CR,CU,CZ,DE,DJ,DK,DZ,EC,EG,ES,ET,FI,FJ,FR,GB,GH,GR,GT,HU,IE,IN,IQ,IR,IS,IT,JO,JP,KE,KH,KR,KW,LA,LB,MA,MG,MN,MR,MX,MY,MZ,NA,NG,NL,NO,NP,NZ,OM,PA,PE,PG,PH,PK,PL,PT,QA,RO,RS,RU,RW,SA,SB,SE,SG,SN,TH,TN,TO,TR,TZ,UA,UG,US,UY,UZ,VN,VU,WS,ZA,ZM,ZW
AE,0.0,5446.9,13589.7,4237.5,12076.8,3599.2,5149.3,5602.7,441.7,14178.2,12113.7,6289.9,10940.0,5059.4,4777.7,6425.6,14810.5,4569.9,5964.4,13620.7,14602.7,12630.8,4456.6,4653.2,2002.3,4826.5,5110.7,14495.7,2384.5,5644.3,2401.8,4760.6,14187.6,5247.0,5461.1,5793.3,3269.7,14406.4,4013.2,5941.7,2297.1,1385.8,1275.9,6707.9,4320.7,1714.4,8014.0,3412.2,5246.6,6864.4,851.8,4919.6,1992.5,5804.0,4967.2,5301.1,6830.8,14314.5,5587.3,5997.4,6492.1,4883.8,5176.1,5055.8,3274.4,14228.2,396.9,14151.0,14793.2,10884.6,6511.6,2033.0,4146.3,6092.5,300.6,3406.1,3813.1,3739.8,3931.6,787.2,12065.5,4776.9,5886.1,7477.1,4968.3,4246.0,14968.0,2629.5,3972.6,3482.0,3683.2,11357.3,13133.0,2438.5,5298.3,13778.9,14554.5,6290.8,5341.6,5470.2
AO,5446.9,0.0,7781.0,5937.9,11860.5,9355.5,6418.6,3028.4,5462.8,7731.1,6234.8,2062.3,10303.6,538.2,6234.3,2792.9,8121.7,1017.7,11611.3,9412.8,9953.1,10394.2,6150.3,6555.9,4140.7,7102.7,4810.4,9595.1,5281.9,5764.4,3502.1,7995.1,15658.0,6500.0,6835.2,2402.4,5026.4,10827.1,6111.3,6776.7,8193.4,5818.7,6177.8,9356.4,5095.0,5235.9,13588.0,3162.5,10230.3,12432.4,5905.5,10369.7,5428.0,5578.2,3690.8,11715.4,4208.9,12233.8,9268.9,2784.7,1581.3,1821.9,6796.3,7209.1,8461.7,12912.8,5677.0,9704.4,9704.0,14517.4,11769.0,7249.9,6671.1,5778.3,5797.3,6095.9,6104.6,7279.0,2140.2,5357.2,15874.5,7267.9,9561.4,4830.3,9935.4,4774.0,16900.3,5868.5,2854.3,6298.8,2248.4,10483.1,6663.5,8379.1,10518.6,16289.9,17513.1,2490.0,1913.9,2167.4
AR,13589.7,7781.0,0.0,11806.0,11825.3,17002.9,11322.6,8192.5,13524.8,2094.0,2340.0,8153.9,8983.6,7913.8,11127.9,7486.9,1137.6,8332.3,19265.6,4673.0,5683.3,6892.4,11842.3,11901.0,11293.2,11838.2,9843.0,4356.3,11800.1,10036.0,9829.3,12627.2,10773.5,11072.3,11131.8,7867.7,10697.8,6068.3,11885.2,11058.1,15992.5,12430.1,13820.9,11262.9,11149.8,12142.7,18372.5,9562.1,17055.8,19512.0,12580.8,18944.0,11734.6,9433.7,9713.8,19255.0,7455.6,7385.9,15873.7,8132.5,8119.9,8093.9,11447.2,11808.6,18149.3,10317.7,13743.9,5296.0,3139.0,13584.8,19537.6,15333.8,12234.9,9582.5,13310.3,11857.2,11823.0,13476.0,9757.3,12133.6,12578.5,11911.8,15886.6,6955.6,17102.0,10117.5,10295.1,11895.7,9351.3,12820.5,9609.9,8383.2,221.9,16190.6,18479.222222222223,11752.7,10469.8,8120.6,8139.7,8167.5
AT,4237.5,5937.9,11806.0,0.0,16095.5,7036.4,915.0,4363.8,3882.1,10624.2,9572.7,7776.0,6551.8,5487.1,684.3,5126.5,12486.8,4858.7,7453.7,9255.8,9724.1,8613.2,251.8,524.0,4767.4,870.0,1666.9,10107.1,2387.3,1810.6,4905.6,1442.4,16317.0,1033.8,1235.4,4890.6,1281.6,9825.5,216.9,1691.8,5563.5,2852.6,3171.0,3027.9,765.0,2455.0,9131.9,5701.7,8786.5,8273.8,3385.5,8299.2,2224.3,2487.8,8096.8,6430.7,4183.2,9901.6,9700.2,8088.5,7578.8,4313.9,963.1,1389.4,6203.1,18161.2,4384.1,9462.4,11149.9,14046.9,9725.0,4819.0,556.0,2300.0,3951.5,854.9,490.0,1670.0,5709.7,3800.1,15417.7,1244.0,9703.4,4769.6,8452.3,1361.3,16847.4,1594.8,6183.3,1028.7,5285.9,7044.5,11236.3,4247.4,8329.7,15987.3,16231.3,8526.4,7174.9,7238.4
AU,12076.8,11860.5,11825.3,16095.5,0.0,8934.6,16575.7,16378.1,12028.6,13329.3,14009.7,10332.7,16217.6,13014.7,16575.7,16073.3,11342.0,13854.5,8966.8,14322.4,14174.3,15807.6,16087.9,16096.2,12329.3,16052.6,17232.3,14183.9,14402.0,17570.0,11615.8,15188.5,3317.0,16960.0,16912.0,15975.1,15304.8,14247.7,15725.1,17221.2,10390.2,12913.1,12891.1,16947.6,16313.9,13143.8,7970.7,11909.9,7069.4,8338.0,12164.6,7186.8,14144.5,18126.8,9557.9,9582.7,18542.5,13203.0,6565.6,10484.4,10415.9,14951.8,16630.4,16026.8,9682.3,2326.0,11221.5,14270.6,12467.5,2798.8,6260.2,10350.4,15606.0,18038.8,12024.6,15256.2,15947.6,14466.2,12082.5,12128.9,3150.2,15598.2,6150.0,17403.3,7361.1,16235.6,3586.3,14407.4,10986.6,14920.3,12243.4,15965.7,11578.8,11616.9,7476.1,2705.4,4387.1,10356.3,11064.0,10420.9
BD,3599.2,9355.5,17002.9,7036.4,8934.6,0.0,7636.2,9829.8,3958.0,18350.1,16829.2,8568.8,12481.7,8725.2,7588.7,10364.3,17257.5,8811.4,3026.0,16649.5,16759.6,15553.2,7342.2,7189.6,5295.2,7291.94,8380.2,16843.6,5638.7,8276.1,5961.7,6609.7,11208.4,7905.4,7999.6,10013.8,6153.2,16013.0,7036.2,8186.1,1423.6,4504.3,4271.4,8268.2,7275.0,5030.3,4720.9,6828.5,1936.2,3720.2,4276.3,1346.5,5112.6,9106.0,6853.6,3066.0,10725.9,15845.0,2629.9,7792.4,9835.4,8634.8,7704.1,7309.2,665.0,11065.2,3266.7,16705.7,17654.0,6344.1,3116.0,2028.3,6828.5,8743.5,3927.1,6355.6,7097.5,4950.1,7429.7,4885.6,7854.0,6958.5,2896.6,12334.5,1540.5,7586.4,11392.0,5420.8,6783.039999999999,6204.9,7169.4,12637.2,17261.5,2984.9,1706.3,10012.5,10960.3,8427.7,8023.4,8069.1
BE,5149.3,6418.6,11322.6,915.0,16575.7,7636.2,0.0,4516.6,4763.1,10136.2,9263.2,8191.7,5655.3,6230.5,489.2,5241.4,11646.5,5248.4,7970.0,8461.2,9077.6,7723.9,714.0,651.0,5308.4,764.9,1631.8,9445.2,3195.1,1316.0,5635.7,1647.7,16339.0,264.0,320.0,5109.1,2088.1,9004.4,1129.7,774.0,6364.7,3756.2,4077.1,2131.1,1173.0,3262.5,9450.0,6442.2,9655.7,8680.2,4338.5,9005.9,3142.5,2058.6,8737.9,6972.9,3969.5,9233.2,10234.4,8744.0,8295.6,4848.3,173.0,939.1,7068.7,18816.1,5376.8,8764.8,10399.6,14453.6,10452.8,5446.2,1160.0,1712.5,4895.5,1765.5,1373.1,2251.6,6302.5,4721.8,15653.7,1281.8,10525.8,4478.6,9263.7,1625.9,16527.0,2589.6,6859.2,1805.6,6227.6,6238.9,11027.2,5058.5,8442.8,16263.0,15765.3,8881.6,7443.8,7811.6
BF,5602.7,3028.4,8192.5,4363.8,16378.1,9829.8,4516.6,0.0,5227.8,8166.0,6121.0,4928.2,7976.5,2793.3,3942.3,765.4,8867.8,1754.8,11312.2,8246.9,8567.8,8121.9,4626.8,4794.3,4832.1,4974.0,2733.7,8331.5,3824.0,3190.0,4171.5,5640.8,19133.9,4065.5,4489.7,799.0,3579.9,9448.3,4361.5,4605.1,8197.3,4879.0,5576.2,5715.7,3473.1,4321.8,13030.3,4424.0,11267.6,11956.0,5225.8,10761.0,4427.5,2652.4,6268.6,10404.9,1612.3,10087.6,11299.5,5533.9,4343.5,844.5,4566.3,5194.1,8515.4,18456.9,6091.5,8238.0,9100.7,17343.1,13018.2,7350.6,4824.1,3160.3,5312.3,4601.2,4281.5,5707.0,3534.7,5089.1,18770.4,5409.3,11443.1,1742.9,10660.5,2861.3,19448.9,4479.7,4373.5,5128.2,3620.3,8318.7,8131.3,7338.0,10970.8,19016.9,18486.9,5105.4,4269.2,4865.3
BH,441.7,5462.8,13524.8,3882.1,12028.6,3958.0,4763.1,5227.8,0.0,13551.4,11726.5,6146.5,10426.7,4894.6,4467.1,6051.4,14259.2,4604.4,6225.8,13430.9,14224.8,12292.7,4182.5,4269.9,1956.1,4793.9,4574.2,14088.1,1921.2,4860.9,2187.9,4315.1,14238.1,4824.4,5161.6,5844.2,2622.2,14074.3,3752.8,5487.5,2625.3,972.5,1107.3,6152.3,3994.3,1523.6,8258.7,3451.9,6043.1,7206.3,420.0,5238.1,1588.8,5184.1,5117.8,5435.8,6396.7,14312.0,6234.8,6051.7,6590.8,4889.3,4787.3,4833.6,3574.8,14808.5,835.5,13850.4,14482.5,10795.3,7379.4,2313.2,3915.1,5456.9,140.7,2994.3,3454.7,3446.6,3766.8,424.8,12056.2,4642.0,6352.8,7119.2,5360.6,3873.2,15466.2,2067.1,4146.1,3134.4,3576.0,11417.2,12539.8,2992.9,5857.6,13707.3,14865.3,6273.0,5137.5,5804.4
BO,14178.2,7731.1,2094.0,10624.2,13329.3,18350.1,10136.2,8166.0,13551.4,0.0,1731.9,9009.8,6517.9,9025.5,10093.1,7825.7,1726.5,8580.6,19148.3,2879.0,3885.4,4739.7,10719.0,10412.4,11631.0,10345.7,9045.3,2404.1,10797.5,9318.7,11175.1,11377.8,12182.3,10047.8,9915.2,7873.2,10267.9,4552.8,10699.5,9566.7,15988.0,12794.9,13246.5,9493.6,10120.1,11953.7,16997.4,10684.3,19279.7,18851.7,13078.2,19030.4,10879.1,8693.6,10523.6,16501.3,7608.2,5386.5,18933.8,9179.4,8485.0,8081.5,10075.4,10296.2,17778.5,11008.7,14206.1,3304.7,1521.4,14776.5,19134.5,15897.4,11072.7,8516.0,13736.0,10999.7,10658.3,11971.2,10264.7,12881.5,13553.8,10656.9,18612.4,7223.3,18405.2,9325.3,11111.3,11440.3,9972.2,11534.0,9798.3,6505.2,1926.1,14933.4,19360.2,13110.5,11744.7,9230.2,8810.1,9050.0
BR,12113.7,6234.8,2340.0,9572.7,14009.7,16829.2,9263.2,6121.0,11726.5,1731.9,0.0,7459.3,6968.0,6699.9,9106.1,5038.0,2930.2,6635.7,17900.0,3660.0,4846.1,4885.8,9627.3,9508.8,9955.0,9609.0,7412.1,3474.5,9455.1,7260.6,9460.6,10361.0,13873.4,8726.9,8773.9,5518.9,9282.8,5383.5,9534.3,8746.4,14444.5,10934.9,12016.8,8955.6,9006.8,10461.3,17371.0,8410.2,17470.8,18249.6,11322.7,18257.8,10267.9,7268.1,9371.4,16564.7,4959.7,6850.0,16432.4,7940.8,6634.0,6685.1,9239.8,9452.6,15325.1,12039.8,12365.8,4621.9,3171.1,16242.6,19245.2,13989.9,9877.1,7289.7,11657.4,10012.5,9458.1,11180.0,8189.2,10752.8,15587.5,10068.9,16108.3,5003.0,16730.0,8210.1,13272.5,10127.9,8442.7,10178.5,8035.8,6724.6,2277.5,13755.5,17271.3,14280.9,13388.9,7472.5,7734.6,7488.5
BW,6289.9,2062.3,8153.9,7776.0,10332.7,8568.8,8191.7,4928.2,6146.5,9009.8,7459.3,0.0,12623.5,2082.2,8197.8,4688.4,8291.3,2972.9,11411.8,10126.1,11776.4,11945.4,8384.9,8560.2,4169.9,9138.7,7129.9,10502.1,5399.7,8013.3,3940.1,9259.7,14669.3,8442.9,8770.3,4312.5,6778.7,12721.0,8110.0,8839.5,7896.8,6477.7,6940.0,10022.1,7544.8,6324.5,12881.0,2909.9,9603.9,12073.3,6501.0,9963.5,6571.0,7341.6,2351.2,11812.8,5917.3,14498.4,8737.5,598.2,913.5,3602.6,8800.1,9145.2,8490.4,11750.0,6166.9,11350.5,10154.2,13112.0,11270.6,7974.9,8498.3,7878.7,6664.3,7670.7,7886.4,9030.1,2459.5,6194.2,13701.0,9227.6,9181.7,6014.2,9354.5,6919.5,14821.4,7432.4,2330.5,8191.7,2920.1,12496.7,8037.3,8751.3,9900.2,13775.2,15875.5,258.8,996.7,915.6
CA,10940.0,10303.6,8983.6,6551.8,16217.6,12481.7,5655.3,7976.5,10426.7,6517.9,6968.0,12623.5,0.0,10078.2,6027.9,8079.3,8559.3,9374.0,10500.0,4527.0,3677.4,2620.3,6358.3,6137.4,10928.3,5659.1,6123.5,4908.3,8600.4,5691.4,11373.1,6098.8,12104.5,5652.0,5349.9,8317.6,7628.0,3520.4,6716.8,5094.3,11149.0,9220.2,9581.3,4082.9,6655.3,8872.1,10310.5,11619.9,13782.5,10485.5,9856.0,12917.8,8437.1,5683.5,14233.9,9581.7,6146.3,3569.5,14793.2,13440.9,11649.8,8540.0,5700.1,5703.7,11611.8,14378.9,10812.3,3712.2,6184.5,14131.0,13229.9,10748.1,6515.9,5285.9,10517.3,7277.1,7286.2,7197.8,11411.8,10096.9,12663.9,5782.2,14897.7,6267.8,13665.0,6698.5,12087.1,7726.7,12212.6,7201.2,11221.2,732.3,8994.8,9890.4,12700.1,12910.8,11578.7,12851.3,12010.6,12514.1
CD,5059.4,538.2,7913.8,5487.1,13014.7,8725.2,6230.5,2793.3,4894.6,9025.5,6699.9,2082.2,10078.2,0.0,5778.7,2669.9,9187.8,992.1,11517.5,10147.7,10316.7,10551.6,6096.5,6145.2,3548.1,6304.8,4792.2,10042.1,4190.2,5767.6,3081.3,6785.7,16951.6,6024.0,5975.7,1797.8,4915.4,11323.7,5476.0,6616.9,8128.1,4939.2,5448.7,8129.7,5419.5,4559.4,13563.5,2414.7,10470.7,12214.1,5122.8,10232.5,4882.7,4830.6,4692.8,10663.7,4326.7,13590.3,9641.4,2781.3,1836.7,1766.7,6308.9,6979.8,8213.0,14136.5,5041.2,9886.2,10173.4,15660.4,11683.8,7204.1,5952.2,5775.3,4966.5,5572.3,5431.6,6860.2,1658.1,4858.3,17452.6,6815.4,10090.6,4727.6,9607.0,4532.3,16667.9,5109.8,2046.6,6109.4,1750.5,10110.9,7930.8,7551.2,10390.1,16316.5,17084.8,2777.4,1816.8,2210.9
CH,4777.7,6234.3,11127.9,684.3,16575.7,7588.7,489.2,3942.3,4467.1,10093.1,9106.1,8197.8,6027.9,5778.7,0.0,4713.2,11852.4,4763.8,8115.2,9001.8,9427.8,8188.7,616.7,751.7,5061.2,960.9,1016.9,9608.6,2692.9,1149.7,5160.0,1790.4,16669.1,435.0,746.3,4543.7,1632.0,9437.4,794.1,1019.3,6191.6,3386.9,3888.2,2616.8,684.9,2921.3,9627.9,5937.0,9335.5,8747.5,4051.2,8924.0,2697.3,1780.4,8175.5,7144.2,3806.9,9582.6,9984.0,8097.7,7927.2,4040.9,629.8,1468.4,6809.6,18792.4,5020.3,8841.3,10273.5,14222.8,10371.6,5464.8,996.3,1647.3,4527.7,1419.1,955.8,2188.4,5734.2,4233.0,15541.8,1513.7,10288.5,4153.8,9059.0,968.6,16886.0,2023.9,6205.1,1639.0,5468.6,6410.5,11121.5,4939.1,8922.0,16236.4,16458.0,8314.1,7315.3,7530.7
CI,6425.6,2792.9,7486.9,5126.5,16073.3,10364.3,5241.4,765.4,6051.4,7825.7,5038.0,4688.4,8079.3,2669.9,4713.2,0.0,8238.7,1859.9,12259.0,7410.6,8262.5,7841.1,5168.2,5128.9,5076.5,5788.2,3235.1,8308.5,4802.4,3871.1,4745.8,6407.3,18996.4,4883.5,5131.0,452.7,4260.8,8739.1,5058.7,5333.5,9106.5,5677.1,6227.7,6193.5,4201.7,4963.1,13924.7,4857.1,12271.3,13114.6,6000.6,11816.0,5103.5,2870.1,6266.1,11808.0,1620.2,9339.8,11830.7,5715.1,4156.2,1425.8,5188.7,6108.2,10117.1,18348.3,7056.2,7621.8,8217.3,17848.5,13988.9,8055.3,5667.4,3726.4,6173.0,5159.2,4977.7,6463.9,4189.7,5996.5,18756.2,6244.7,12771.1,1815.3,11673.5,3806.9,18999.5,5052.8,4851.8,5723.3,4104.0,8124.1,7112.3,7992.5,12230.2,19011.7,19194.9,5107.2,4846.8,4947.7
CL,14810.5,8121.7,1137.6,12486.8,11342.0,17257.5,11646.5,8867.8,14259.2,1726.5,2930.2,8291.3,8559.3,9187.8,11852.4,8238.7,0.0,9281.7,19000.0,4250.4,4866.3,6278.3,12023.9,12498.0,13490.1,12279.7,10310.2,3779.7,13231.0,10709.0,12084.2,13318.0,10714.6,11650.0,11644.0,8541.7,12304.4,5867.5,12568.8,11107.8,16333.0,14206.5,14857.6,11510.9,11889.4,13432.8,17241.0,11919.1,17141.1,18427.0,14227.1,18718.3,12800.6,9875.1,10644.9,19223.9,8370.3,6583.5,16705.3,9240.4,8147.1,8600.6,11851.6,12156.5,18867.3,9378.1,16206.7,4805.5,2464.8,13196.0,17338.0,16456.2,12398.5,9880.0,14387.6,12605.8,12210.0,14111.0,10497.4,13909.8,11849.3,12334.4,16342.8,8301.5,17210.2,11056.2,9589.2,13222.3,10523.2,13095.9,10892.1,8067.5,1365.0,16601.3,18696.0,11597.3,9574.9,8140.3,9387.3,9409.9
CM,4569.9,1017.7,8332.3,4858.7,13854.5,8811.4,5248.4,1754.8,4604.4,8580.6,6635.7,2972.9,9374.0,992.1,4763.8,1859.9,9281.7,0.0,11084.6,8749.4,9576.5,9437.2,5017.8,5231.8,3575.3,5623.6,3526.8,9361.4,3391.3,4383.6,3037.0,6274.9,18546.4,5075.2,5324.9,1411.4,4139.6,10411.8,4917.2,5627.5,8131.6,4575.8,5100.6,6922.1,4232.5,4157.8,12694.1,3103.6,10516.7,11915.3,4738.0,10428.4,4093.2,3823.1,5035.8,10610.0,3192.3,11846.3,10254.1,3848.1,2864.3,668.0,5324.8,5922.4,8029.5,14836.0,5209.7,9222.8,9707.8,15509.8,12182.2,6712.5,5225.8,4429.6,4778.6,4896.9,4877.1,6035.4,2174.7,4321.4,17694.4,6232.8,10535.6,3616.6,9989.9,3477.9,18908.9,4376.5,2997.8,5340.9,2201.9,9419.4,8124.3,6711.3,10807.4,17098.0,18885.0,3774.1,2830.3,3194.7
CN,5964.4,11611.3,19265.6,7453.7,8966.8,3026.0,7970.0,11312.2,6225.8,19148.3,17900.0,11411.8,10500.0,11517.5,8115.2,12259.0,19000.0,11084.6,0.0,14974.6,13976.6,12880.0,7453.8,7351.8,8079.5,7214.9,9142.4,15645.6,7545.3,9213.0,8311.9,6301.5,8795.0,8214.1,8140.1,12226.0,7610.7,13663.7,7335.8,8282.5,3790.2,6401.4,5615.6,7813.8,8130.0,7049.2,2100.0,9601.0,3290.8,950.3,6233.3,2401.2,7110.3,10305.7,10191.1,1166.2,11519.0,12435.0,4347.8,11764.3,11912.4,10786.9,7824.3,6700.0,3130.3,10260.7,5920.5,14702.9,16634.0,5255.5,2852.1,3781.7,6950.0,9614.0,6180.5,7456.1,7417.5,5790.2,10165.2,6176.5,7156.6,6705.4,4480.3,12170.7,3297.0,8591.9,9633.0,7506.6,9668.1,6450.0,9515.0,11157.4,19146.0,3942.3,2330.0,8285.7,9400.4,11715.3,10981.1,10487.0
CO,13620.7,9412.8,4673.0,9255.8,14322.4,16649.5,8461.2,8246.9,13430.9,2879.0,3660.0,10126.1,4527.0,10147.7,9001.8,7410.6,4250.4,8749.4,14974.6,0.0,1251.3,2242.6,9530.7,9432.2,11636.6,9188.7,8359.5,725.9,11505.1,8030.0,12028.5,9677.5,13139.0,8630.0,8500.0,7224.0,10030.9,2101.1,9563.3,8317.2,15934.0,12303.6,12208.6,7422.2,9336.6,11516.3,14306.0,11696.5,17674.3,14853.6,12381.4,18591.4,11032.1,7539.6,12615.1,15046.6,6422.3,3189.8,19748.8,10938.4,9511.4,8222.8,8826.7,8732.2,16465.0,12421.6,14228.4,753.4,1880.0,16181.6,17872.3,15331.4,9646.7,7296.0,13512.4,10125.1,9439.2,10906.4,11258.4,12524.6,14307.3,9497.5,19717.0,5424.5,17277.0,8532.2,12032.8,10735.3,11529.4,10236.8,11624.6,3491.2,4772.0,13999.8,17736.6,14128.5,11530.7,10719.2,10244.2,10543.4
CR,14602.7,9953.1,5683.3,9724.1,14174.3,16759.6,9077.6,8567.8,14224.8,3885.4,4846.1,11776.4,3677.4,10316.7,9427.8,8262.5,4866.3,9576.5,13976.6,1251.3,0.0,1402.3,9803.8,9641.1,13852.1,9492.7,8793.1,1328.9,12019.0,8504.6,13201.2,9664.7,10768.2,8926.1,8707.3,9025.5,10723.2,855.9,9905.8,8473.4,16059.8,12494.3,13115.5,7485.7,9660.2,12393.8,13224.4,13301.5,17100.0,14044.3,13322.9,16671.1,11944.3,8227.7,15150.5,14372.5,7712.9,1926.2,18349.8,13480.3,11312.0,9558.0,9071.5,9227.8,16238.5,11723.5,15145.7,543.9,2601.5,14536.2,16491.1,15999.1,9918.5,7747.5,14115.0,10313.7,10151.9,10854.4,12270.5,13463.3,13085.7,9587.4,18696.7,7608.7,17177.8,9361.3,9568.2,11348.2,13128.7,10438.7,12220.0,3226.0,5531.2,14335.5,16763.0,12811.1,9087.8,11562.4,12104.9,11729.9
CU,12630.8,10394.2,6892.4,8613.2,15807.6,15553.2,7723.9,8121.9,12292.7,4739.7,4885.8,11945.4,2620.3,10551.6,8188.7,7841.1,6278.3,9437.2,12880.0,2242.6,1402.3,0.0,8263.1,8293.5,12110.1,8125.8,8195.1,2620.7,10180.3,7459.2,11942.2,8309.1,12123.4,7725.1,7279.0,8299.3,8672.4,1266.2,8594.9,7113.8,13961.1,11191.7,11853.6,6078.1,8690.9,10838.0,12297.1,12249.6,16373.6,12591.9,12145.2,16091.4,10101.8,7163.0,13719.7,12464.3,7115.7,1779.1,17467.7,12908.7,10838.0,8851.1,7781.7,8052.0,14439.6,13258.7,12946.2,1604.0,3931.2,16023.0,16288.8,13308.5,8339.9,7148.1,12672.5,9160.2,8731.8,9576.6,11884.3,11963.5,13533.4,8278.6,18421.3,6761.6,16483.3,8320.7,11933.0,9671.2,12396.4,8715.9,11717.9,1830.4,6760.1,11797.2,15703.6,13644.3,9647.2,11979.9,11707.3,12091.3
CZ,4456.6,6150.3,11842.3,251.8,16087.9,7342.2,714.0,4626.8,4182.5,10719.0,9627.3,8384.9,6358.3,6096.5,616.7,5168.2,12023.9,5017.8,7453.8,9530.7,9803.8,8263.1,0.0,280.0,5064.0,636.0,1712.8,10042.8,2627.2,1772.5,5204.5,1349.0,16220.7,883.4,1035.2,5172.5,1537.9,9847.0,443.8,1437.2,5713.4,3058.3,3396.3,2632.2,922.3,2635.9,9086.0,6077.9,8910.1,8260.1,3679.2,8473.4,2547.2,2471.0,8220.9,6489.5,4327.0,9748.3,9612.0,8216.3,7780.2,4660.0,710.9,1119.7,6223.6,18135.7,4777.2,9391.8,10914.2,13760.3,9905.4,5089.7,517.0,2242.1,4212.5,1081.5,741.6,1667.3,6095.4,4070.3,15195.4,1060.9,9764.6,4862.2,8586.7,1429.0,16484.4,1644.8,6578.6,1142.8,5512.9,6569.8,11512.6,4331.2,8299.5,15934.4,16045.8,8425.0,7274.7,7498.5
DE,4653.2,6555.9,11901.0,524.0,16096.2,7189.6,651.0,4794.3,4269.9,10412.4,9508.8,8560.2,6137.4,6145.2,751.7,5128.9,12498.0,5231.8,7351.8,9432.2,9641.1,8293.5,280.0,0.0,5318.9,355.0,1832.0,9861.4,2894.6,1870.0,5350.0,1102.3,16198.8,878.0,932.0,5158.4,1801.0,9579.3,686.4,1315.0,5780.4,3275.4,3510.0,2390.9,1181.4,2934.5,8917.5,6339.0,8858.8,8129.8,3896.5,8464.3,2623.4,2624.2,8477.0,6372.3,4470.4,9628.5,9598.0,8764.2,8166.2,4862.1,576.9,839.0,6393.5,18175.6,4958.6,9402.5,11070.0,13544.2,9684.0,5221.2,517.0,2310.0,4373.1,1293.2,991.9,1608.5,6263.9,4273.7,14710.8,810.0,9912.3,5020.3,8602.1,1501.1,16375.3,2029.8,6902.3,1186.6,5998.4,6715.4,11673.7,4315.4,8299.9,15737.3,15335.1,8729.1,7289.2,7885.7
DJ,2002.3,4140.7,11293.2,4767.4,12329.3,5295.2,5308.4,4832.1,1956.1,11631.0,9955.0,4169.9,10928.3,3548.1,5061.2,5076.5,13490.1,3575.3,8079.5,11636.6,13852.1,12110.1,5064.0,5318.9,0.0,5701.1,4757.0,13230.4,2290.1,5425.2,556.6,5967.9,15080.7,5582.4,5888.4,4714.8,3493.7,13744.0,4695.8,6218.9,4723.2,2252.0,2760.3,7679.4,4446.5,2142.8,9877.3,1470.9,7550.6,9160.9,2051.4,7124.25,2387.9,5302.7,3318.3,8145.1,6253.8,14185.8,6620.5,4054.2,4840.4,3782.5,5459.6,6109.8,5088.4,14927.0,2028.9,13701.0,14059.7,12431.3,8609.1,3944.3,5059.5,5548.2,1993.3,4048.3,4676.932,4886.4,1948.5,1567.0,13564.6,5636.4,6793.6,6310.5,6668.3,4237.1,16298.3,3322.6,1987.65,4553.3,1798.3,11552.8,11317.9,4763.5,7389.1,15025.3,16094.9,4766.6,3097.5,3453.3
DK,4826.5,7102.7,11838.2,870.0,16052.6,7291.94,764.9,4974.0,4793.9,10345.7,9609.0,9138.7,5659.1,6304.8,960.9,5788.2,12279.7,5623.6,7214.9,9188.7,9492.7,8125.8,636.0,355.0,5701.1,0.0,2134.7,9934.2,3197.4,2070.0,5438.0,881.6,15718.0,1027.0,956.6,5647.7,2034.4,9306.9,1010.3,1237.9,5619.5,3424.0,3751.4,2110.9,1532.0,3204.5,8609.4,6600.0,8831.2,7959.9,4201.6,8302.7,3124.9,2830.8,8742.5,6201.3,4578.0,9541.2,9392.5,9099.4,8549.9,5178.0,621.0,483.0,6249.7,17871.9,5072.8,9052.5,11085.0,13835.1,9305.2,5214.2,670.1,2297.2,4615.6,1551.9,1106.9,1563.5,6403.6,4541.0,14263.8,522.0,9969.3,5069.5,8614.5,1951.1,16119.9,2036.2,7249.4,1444.4,6180.0,6218.3,11821.6,4371.2,8305.0,15620.5,15067.1,9355.5,7661.4,8393.4
DZ,5110.7,4810.4,9843.0,1666.9,17232.3,8380.2,1631.8,2733.7,4574.2,9045.3,7412.1,7129.9,6123.5,4792.2,1016.9,3235.1,10310.2,3526.8,9142.4,8359.5,8793.1,8195.1,1712.8,1832.0,4757.0,2134.7,0.0,8988.1,2714.9,715.0,4855.7,3129.1,17558.0,1411.5,1659.8,2906.6,1784.1,8995.1,1779.6,2008.6,6838.4,3826.6,4388.0,3780.7,968.8,3033.8,10423.5,5378.7,10185.9,10024.5,4053.2,9436.5,2954.9,914.3,7554.4,8314.5,2416.7,9390.0,10544.1,7467.6,6367.0,2875.5,1741.5,2782.1,7479.9,19552.6,5063.0,8304.0,9736.5,15222.1,11446.9,6208.6,2283.4,978.7,4818.0,2177.7,1700.9,3480.7,4885.1,3837.1,16027.3,3028.8,10441.3,3161.8,9796.1,630.0,18927.9,2723.0,5422.3,2825.3,4645.2,6195.3,9715.1,5378.6,9831.3,17215.7,16924.4,7459.3,5489.9,6583.5
EC,14495.7,9595.1,4356.3,10107.1,14183.9,16843.6,9445.2,8331.5,14088.1,2404.1,3474.5,10502.1,4908.3,10042.1,9608.6,8308.5,3779.7,9361.4,15645.6,725.9,1328.9,2620.7,10042.8,9861.4,13230.4,9934.2,8988.1,0.0,11922.4,8737.9,13530.4,10750.7,11636.8,9362.3,8722.1,8373.9,11118.2,2107.2,10299.5,8789.4,16537.9,12877.8,13996.8,8522.7,10083.9,12532.9,14369.0,12453.1,19728.6,14584.6,13693.6,19750.3,11998.0,8672.5,14696.4,16200.8,7657.5,3128.5,19776.0,11817.3,9816.1,8800.3,9580.1,9751.6,17004.2,11913.9,14701.6,1021.6,1329.3,15757.9,17499.3,16131.3,10428.5,7874.0,14288.7,10792.3,10612.0,11618.7,11523.6,13709.9,13599.1,10212.6,19735.5,7438.5,19673.2,9142.0,10993.5,11913.1,12392.6,11171.0,12864.0,4490.0,4705.0,14954.1,19228.5,13037.7,10299.1,11143.6,11113.7,11301.1
EG,2384.5,5281.9,11800.1,2387.3,14402.0,5638.7,3195.1,3824.0,1921.2,10797.5,9455.1,5399.7,8600.4,4190.2,2692.9,4802.4,13231.0,3391.3,7545.3,11505.1,12019.0,10180.3,2627.2,2894.6,2290.1,3197.4,2714.9,11922.4,0.0,3488.7,2518.0,3398.2,16526.5,3210.0,3510.0,4266.5,1113.2,12044.2,2200.2,3972.7,4400.0,1290.0,2222.4,5282.4,2129.9,493.0,9560.9,3516.9,8165.4,8358.3,1616.7,7427.1,566.8,3459.9,5254.4,6650.4,4612.0,12379.3,7605.4,6244.1,5482.5,3435.1,3286.5,3667.3,4659.9,16460.2,2755.1,11686.8,12436.6,13656.0,9433.3,3446.2,2832.3,3680.4,2056.4,1530.2,1895.0,3346.0,3517.6,1613.7,14917.8,3422.2,8280.0,5102.8,7339.5,2099.8,16547.0,1108.1,3631.2,2274.4,3313.3,9439.7,11305.7,3607.9,7943.2,16170.0,16571.0,6275.9,4872.6,5357.3
ES,5644.3,5764.4,10036.0,1810.6,17570.0,8276.1,1316.0,3190.0,4860.9,9318.7,7260.6,8013.3,5691.4,5767.6,1149.7,3871.1,10709.0,4383.6,9213.0,8030.0,8504.6,7459.2,1772.5,1870.0,5425.2,2070.0,715.0,8737.9,3488.7,0.0,5348.3,2948.7,17331.3,1052.9,1263.2,3894.2,2368.1,8640.8,1975.0,1448.6,7160.9,4297.6,4088.9,2894.6,1362.0,3659.3,10767.7,5788.6,10405.8,9990.6,4800.6,10151.7,3530.8,571.7,8261.7,8024.0,2750.2,9064.8,11052.2,8118.4,7255.4,3740.2,1462.3,2594.3,7584.1,19858.5,5771.8,8190.8,9504.9,15565.6,11640.2,5987.4,2290.0,502.7,5327.1,2474.5,2027.6,3440.0,5648.7,4795.2,16265.0,2590.0,11382.1,3150.3,10191.6,1272.1,19425.9,3149.5,6190.2,2864.0,5445.6,6108.5,9928.7,5919.3,10126.5,17289.2,16935.8,8051.8,7202.6,7426.1
ET,2401.8,3502.1,9829.3,4905.6,11615.8,5961.7,5635.7,4171.5,2187.9,11175.1,9460.6,3940.1,11373.1,3081.3,5160.0,4745.8,12084.2,3037.0,8311.9,12028.5,13201.2,11942.2,5204.5,5350.0,556.6,5438.0,4855.7,13530.4,2518.0,5348.3,0.0,5733.7,16045.2,5590.3,5898.8,4288.5,3437.1,13213.2,4992.4,6251.9,5131.2,2518.1,3128.3,7405.9,4482.5,2503.2,10103.5,1162.6,7667.9,9532.6,2393.8,7452.4,2521.1,5380.8,3260.8,8141.1,5567.0,14106.2,7137.9,3251.7,4204.8,3466.3,5467.6,5877.2,5427.3,14324.1,2200.5,12529.5,13526.4,11849.3,9036.0,4413.3,5199.4,5665.0,2228.1,4078.1,4726.0,5139.5,1550.5,1889.8,14137.7,5735.6,7377.5,5920.7,6852.3,4060.1,16512.1,3467.3,1350.0,4825.6,1084.0,11563.2,9917.2,4966.8,7502.6,15278.0,16775.7,4129.0,2864.2,3264.8
FI,4760.6,7995.1,12627.2,1442.4,15188.5,6609.7,1647.7,5640.8,4315.1,11377.8,10361.0,9259.7,6098.8,6785.7,1790.4,6407.3,13318.0,6274.9,6301.5,9677.5,9664.7,8309.1,1349.0,1102.3,5967.9,881.6,3129.1,10750.7,3398.2,2948.7,5733.7,0.0,15234.2,1908.0,1820.6,6224.2,2628.0,9595.6,1456.7,2020.6,5223.0,3321.5,3193.3,2246.4,2201.5,3349.2,7820.9,7274.0,8183.5,7269.7,3972.4,7532.5,3192.8,3847.0,8708.9,5280.9,5479.7,9511.6,8470.3,9192.2,8969.8,5680.6,1502.0,784.4,5654.0,16809.5,4967.1,9504.8,11654.4,12806.3,8278.0,4715.5,943.2,3364.2,4390.2,1738.5,1656.7,893.3,7039.8,4365.6,13129.8,396.0,9261.9,5924.5,7898.4,2931.8,15553.9,2476.8,7431.8,1145.6,6737.9,6931.2,12182.6,3722.7,7765.3,14489.0,14129.7,9505.8,8108.2,8424.9
FJ,14187.6,15658.0,10773.5,16317.0,3317.0,11208.4,16339.0,19133.9,14238.1,12182.3,13873.4,14669.3,12104.5,16951.6,16669.1,18996.4,10714.6,18546.4,8795.0,13139.0,10768.2,12123.4,16220.7,16198.8,15080.7,15718.0,17558.0,11636.8,16526.5,17331.3,16045.2,15234.2,0.0,16534.0,16273.7,19428.0,16467.4,11978.3,16303.5,16971.3,11680.2,14535.7,14421.1,16672.1,16882.3,16157.6,7326.4,16460.1,8316.4,7278.3,14187.5,8383.7,16467.0,19529.6,13996.0,9565.3,19029.5,9465.8,8500.7,14241.8,14107.0,19010.8,16251.9,15633.0,11440.4,2625.1,14034.0,11483.5,10967.4,3462.5,7138.7,12907.7,15775.5,19126.0,14374.3,16281.2,16340.4,14727.3,16321.5,14915.4,2004.7,15635.3,8288.4,18929.4,9385.5,17304.0,750.0,16280.2,15251.0,16236.5,16462.5,12437.1,11830.2,12860.8,8143.5,1074.0,1148.5,13253.8,15513.2,14173.6
FR,5247.0,6500.0,11072.3,1033.8,16960.0,7905.4,264.0,4065.5,4824.4,10047.8,8726.9,8442.9,5652.0,6024.0,435.0,4883.5,11650.0,5075.2,8214.1,8630.0,8926.1,7725.1,883.4,878.0,5582.4,1027.0,1411.5,9362.3,3210.0,1052.9,5590.3,1908.0,16534.0,0.0,343.7,4821.0,1980.1,9054.1,1244.0,779.2,6581.5,3858.9,4210.1,2232.7,1105.7,3374.2,9712.1,6480.8,9938.3,8965.2,4404.6,9233.0,3190.6,1814.8,8596.0,7031.8,3794.8,9202.0,10413.7,8593.2,8131.8,4515.0,430.0,1343.2,7222.9,18982.1,5338.5,8616.3,10260.0,14439.0,10739.5,5908.2,1367.2,1452.7,4972.7,1871.1,1446.0,2485.9,6215.6,4673.2,16035.1,1544.0,10738.0,4200.0,9440.6,1480.4,16681.5,2598.0,6878.2,2023.5,5721.9,6168.9,10976.0,5144.9,9194.0,16270.6,16345.3,8696.5,7498.6,7897.8
GB,5461.1,6835.2,11131.8,1235.4,16912.0,7999.6,320.0,4489.7,5161.6,9915.2,8773.9,8770.3,5349.9,5975.7,746.3,5131.0,11644.0,5324.9,8140.1,8500.0,8707.3,7279.0,1035.2,932.0,5888.4,956.6,1659.8,8722.1,3510.0,1263.2,5898.8,1820.6,16273.7,343.7,0.0,5100.0,2391.0,8764.2,1449.7,464.0,6710.0,4090.5,4405.7,1890.7,1434.8,3653.7,9560.0,6820.2,9990.2,8858.2,4641.1,9239.2,3471.6,2053.0,9001.4,7017.7,4025.3,8929.4,10593.8,9085.1,8411.1,4844.2,357.2,1153.0,7311.6,18809.6,5818.4,8483.1,10175.9,14692.7,10738.0,6049.9,1450.1,1585.1,5236.2,2089.8,1689.8,2500.2,6554.9,4936.3,15150.0,1432.3,10850.9,4380.7,9535.7,1825.7,16257.8,2831.0,7456.7,2134.0,6480.2,5900.0,11083.2,5254.3,9228.6,16262.5,15608.6,9026.5,7920.2,8283.5
GH,5793.3,2402.4,7867.7,4890.6,15975.1,10013.8,5109.1,799.0,5844.2,7873.2,5518.9,4312.5,8317.6,1797.8,4543.7,452.7,8541.7,1411.4,12226.0,7224.0,9025.5,8299.3,5172.5,5158.4,4714.8,5647.7,2906.6,8373.9,4266.5,3894.2,4288.5,6224.2,19428.0,4821.0,5100.0,0.0,3857.4,9205.2,5009.0,5388.6,8253.1,5147.3,5421.4,6180.4,4085.0,4619.2,13798.8,4467.3,11165.8,12409.6,5421.1,11144.6,4678.0,3147.7,5695.9,11380.0,1949.3,9696.5,11100.5,5285.0,3229.2,913.8,5220.4,5980.0,8396.2,18837.0,6309.1,8321.4,8224.5,17168.0,13316.6,7204.9,5301.7,3806.5,5626.6,5075.6,5000.6,6174.7,3514.2,5139.8,19236.8,6062.9,11333.8,2231.2,11146.0,3597.6,19469.5,4889.6,4499.8,5532.5,3471.0,8282.8,6627.0,7172.8,11351.3,19165.5,19082.6,4681.3,4309.6,4587.5
GR,3269.7,5026.4,10697.8,1281.6,15304.8,6153.2,2088.1,3579.9,2622.2,10267.9,9282.8,6778.7,7628.0,4915.4,1632.0,4260.8,12304.4,4139.6,7610.7,10030.9,10723.2,8672.4,1537.9,1801.0,3493.7,2034.4,1784.1,11118.2,1113.2,2368.1,3437.1,2628.0,16467.4,1980.1,2391.0,3857.4,0.0,10615.5,1118.9,2854.1,4782.1,1930.1,2477.6,4108.1,1050.2,1281.6,9500.0,4231.7,8075.1,8467.1,2396.4,7791.7,1120.1,2854.6,6505.6,6714.1,3927.4,10764.3,8369.7,6687.7,6575.0,3422.6,2179.2,2613.8,5505.7,17657.0,3409.4,10131.7,11167.2,13849.7,9564.2,4175.2,1598.0,2852.7,2925.6,747.0,806.5,2230.0,4484.3,2562.6,14940.9,2607.2,9048.9,4546.5,7919.7,1203.9,17460.9,814.7,4494.2,1486.4,3918.9,7850.3,10949.7,3886.8,7997.4,16155.5,16418.8,7412.0,5507.3,6037.8
GT,14406.4,10827.1,6068.3,9825.5,14247.7,16013.0,9004.4,9448.3,14074.3,4552.8,5383.5,12721.0,3520.4,11323.7,9437.4,8739.1,5867.5,10411.8,13663.7,2101.1,855.9,1266.2,9847.0,9579.3,13744.0,9306.9,8995.1,2107.2,12044.2,8640.8,13213.2,9595.6,11978.3,9054.1,8764.2,9205.2,10615.5,0.0,10094.0,8402.3,15427.2,12460.2,12800.0,7471.7,9931.7,12423.4,12402.3,13512.4,16469.1,13352.3,13357.0,15999.4,12196.0,8405.3,15772.4,13384.0,8050.9,1056.7,17175.4,13771.0,11469.4,9909.1,9204.1,9103.1,15320.0,12030.0,14811.7,1365.3,3225.0,14724.0,16196.7,15405.3,9964.0,8188.0,13975.8,10366.1,10174.3,10819.0,12467.2,13616.0,12880.2,9573.9,16980.5,8101.9,16742.0,9437.0,9532.8,11383.4,13687.3,10397.2,12924.0,3021.1,6353.7,13805.2,16066.3,12439.3,9237.4,12770.5,12584.2,12911.3
HU,4013.2,6111.3,11885.2,216.9,15725.1,7036.2,1129.7,4361.5,3752.8,10699.5,9534.3,8110.0,6716.8,5476.0,794.1,5058.7,12568.8,4917.2,7335.8,9563.3,9905.8,8594.9,443.8,686.4,4695.8,1010.3,1779.6,10299.5,2200.2,1975.0,4992.4,1456.7,16303.5,1244.0,1449.7,5009.0,1118.9,10094.0,0.0,1898.8,5395.0,2450.9,2856.6,3075.5,810.1,2248.9,9047.9,5467.9,8430.7,8269.0,3158.0,8147.1,2033.1,2470.5,8070.5,6178.1,4306.1,10076.3,8910.5,8166.4,7676.2,4413.4,1145.1,1479.7,6145.5,17868.7,4306.2,9608.9,11305.3,13610.0,9127.6,4809.9,545.0,2473.8,3792.0,642.9,316.4,1566.8,5791.6,3604.5,14937.8,1285.0,9157.0,4833.9,8265.6,1328.7,16853.4,1169.8,6044.3,921.0,5246.8,7256.1,11777.0,3987.4,8255.2,15827.4,16269.7,8538.6,6985.5,7368.6
IE,5941.7,6776.7,11058.1,1691.8,17221.2,8186.1,774.0,4605.1,5487.5,9566.7,8746.4,8839.5,5094.3,6616.9,1019.3,5333.5,11107.8,5627.5,8282.5,8317.2,8473.4,7113.8,1437.2,1315.0,6218.9,1237.9,2008.6,8789.4,3972.7,1448.6,6251.9,2020.6,16971.3,779.2,464.0,5388.6,2854.1,8402.3,1898.8,0.0,6653.9,4134.1,4984.2,1498.0,1885.0,4058.8,9585.5,7089.8,10003.9,8857.6,5141.3,9264.3,3985.7,1869.1,9432.3,7359.9,4016.1,8397.9,10923.5,9144.9,8663.0,5008.8,753.0,1257.7,7325.9,18854.3,6085.9,8344.1,9741.2,14444.8,10787.3,6158.2,1825.6,1642.5,5313.6,2530.7,1906.8,2798.0,7008.7,5501.6,15193.0,1625.0,10898.3,4411.5,9633.1,2264.0,16380.1,3350.7,7812.8,2595.5,6558.5,5407.5,11037.7,5784.9,9223.7,16120.1,15308.8,9646.7,8103.1,8392.0
IN,2297.1,8193.4,15992.5,5563.5,10390.2,1423.6,6364.7,8197.3,2625.3,15988.0,14444.5,7896.8,11149.0,8128.1,6191.6,9106.5,16333.0,8131.6,3790.2,15934.0,16059.8,13961.1,5713.4,5780.4,4723.2,5619.5,6838.4,16537.9,4400.0,7160.9,5131.2,5223.0,11680.2,6581.5,6710.0,8253.1,4782.1,15427.2,5395.0,6653.9,0.0,3129.0,2547.0,7710.6,5920.0,3933.4,5833.2,5401.5,3072.3,4684.7,2767.5,3003.2,3674.6,7824.4,5692.7,3219.2,9048.7,14368.7,3871.5,7287.4,8113.1,7409.0,6365.0,5971.6,810.9,11909.1,1950.5,16087.5,16563.0,8159.2,4763.2,682.4,5268.9,7591.1,2550.2,5098.9,5260.5,4340.0,5577.2,3043.1,9557.5,5576.3,4150.0,9690.4,2918.5,6052.5,12495.3,4301.0,5484.9,4564.4,5503.8,12025.7,16091.2,1579.9,3003.7,11403.7,12754.7,8033.7,7044.8,7232.2
IQ,1385.8,5818.7,12430.1,2852.6,12913.1,4504.3,3756.2,4879.0,972.5,12794.9,10934.9,6477.7,9220.2,4939.2,3386.9,5677.1,14206.5,4575.8,6401.4,12303.6,12494.3,11191.7,3058.3,3275.4,2252.0,3424.0,3826.6,12877.8,1290.0,4297.6,2518.1,3321.5,14535.7,3858.9,4090.5,5147.3,1930.1,12460.2,2450.9,4134.1,3129.0,0.0,690.3,5275.9,2941.1,802.1,8345.4,3864.1,6281.3,7436.9,560.0,5805.4,829.6,4450.1,5883.7,5446.1,5651.3,12408.0,6257.9,6382.5,6821.1,4291.9,3810.5,3833.1,4062.9,15883.5,1655.2,12152.5,13108.5,11878.0,7399.9,2637.7,2511.4,4803.8,1122.8,1961.2,2250.5,2547.7,4109.1,960.8,13215.7,3418.3,6681.0,6211.3,6225.7,2915.6,16318.8,1258.7,4271.4,2223.7,3805.9,9977.3,12415.4,2016.4,6120.9,14430.6,15919.2,6797.9,5331.7,5866.7
IR,1275.9,6177.8,13820.9,3171.0,12891.1,4271.4,4077.1,5576.2,1107.3,13246.5,12016.8,6940.0,9581.3,5448.7,3888.2,6227.7,14857.6,5100.6,5615.6,12208.6,13115.5,11853.6,3396.3,3510.0,2760.3,3751.4,4388.0,13996.8,2222.4,4088.9,3128.3,3193.3,14421.1,4210.1,4405.7,5421.4,2477.6,12800.0,2856.6,4984.2,2547.0,690.3,0.0,5216.5,3414.9,1292.2,7653.9,4187.8,6073.5,6550.9,758.8,5137.1,1462.3,4897.5,5531.8,4922.0,6445.3,12202.1,6098.9,6393.5,6731.2,5108.4,4042.3,4192.0,3342.9,14892.3,1373.8,13049.4,14463.5,10277.75,6317.1,1866.4,3448.2,5031.2,1151.9,2627.2,3160.4,2464.0,4334.0,1277.8,11503.8,3507.4,5806.6,6892.1,5446.6,3851.3,15289.3,1695.7,4685.2,2487.7,4346.2,9721.5,13599.1,1628.7,5505.1,13924.3,14995.1,6778.8,5492.0,6059.1
IS,6707.9,9356.4,11262.9,3027.9,16947.6,8268.2,2131.1,5715.7,6152.3,9493.6,8955.6,10022.1,4082.9,8129.7,2616.8,6193.5,11510.9,6922.1,7813.8,7422.2,7485.7,6078.1,2632.2,2390.9,7679.4,2110.9,3780.7,8522.7,5282.4,2894.6,7405.9,2246.4,16672.1,2232.7,1890.7,6180.4,4108.1,7471.7,3075.5,1498.0,7710.6,5275.9,5216.5,0.0,3300.6,5282.7,8828.0,8325.0,10013.1,8580.3,5916.7,9145.4,5215.3,3534.1,10165.1,6555.5,4812.8,7438.3,10797.1,10291.9,10320.2,6536.7,2013.7,1749.3,7597.5,17057.4,6898.6,7284.9,9334.1,13766.6,10311.6,6646.5,2792.0,2937.3,6186.0,3537.3,3099.3,3307.3,8502.4,6325.9,13807.8,2140.8,10866.3,5077.0,9241.9,3744.5,15845.6,4180.5,9006.3,3226.8,7896.4,4493.9,10810.5,5652.1,8851.1,15800.8,13431.3,11081.7,9287.8,9528.8
IT,4320.7,5095.0,11149.8,765.0,16313.9,7275.0,1173.0,3473.1,3994.3,10120.1,9006.8,7544.8,6655.3,5419.5,684.9,4201.7,11889.4,4232.5,8130.0,9336.6,9660.2,8690.9,922.3,1181.4,4446.5,1532.0,968.8,10083.9,2129.9,1362.0,4482.5,2201.5,16882.3,1105.7,1434.8,4085.0,1050.2,9931.7,810.1,1885.0,5920.0,2941.1,3414.9,3300.6,0.0,2350.0,9689.5,5400.6,9174.6,8966.1,3426.5,8719.7,2197.1,1948.1,7633.5,7095.0,3546.3,10245.7,9596.8,7706.3,7270.8,3543.9,1297.2,2003.2,6253.5,18649.2,4666.9,9374.6,10837.0,14166.9,10407.9,5177.8,1316.3,1862.1,4024.0,1139.0,723.0,2375.0,5365.9,3669.9,15606.3,1968.9,9526.6,4175.9,8815.8,600.4,16978.5,1638.5,5405.1,1668.4,4920.6,6858.4,11099.3,4756.3,8728.2,16384.4,16437.6,7743.0,5976.8,6582.6
JO,1714.4,5235.9,12142.7,2455.0,13143.8,5030.3,3262.5,4321.8,1523.6,11953.7,10461.3,6324.5,8872.1,4559.4,2921.3,4963.1,13432.8,4157.8,7049.2,11516.3,12393.8,10838.0,2635.9,2934.5,2142.8,3204.5,3033.8,12532.9,493.0,3659.3,2503.2,3349.2,16157.6,3374.2,3653.7,4619.2,1281.6,12423.4,2248.9,4058.8,3933.4,802.1,1292.2,5282.7,2350.0,0.0,9094.5,3604.3,7307.7,8344.6,1185.2,6632.1,237.7,3970.5,5479.0,5965.3,4962.8,12450.3,7535.1,6241.3,5962.6,4019.4,3352.8,3776.0,4842.7,16325.0,2395.0,11782.8,12653.7,12960.3,8412.2,3415.2,2624.8,4046.7,1688.5,1632.5,1987.4,2655.0,3672.9,1132.5,14263.7,3377.9,7404.2,5733.2,6954.8,2413.8,16353.2,830.5,3871.2,2122.8,3364.6,9461.7,12028.2,3139.3,7105.3,16029.8,16254.7,6380.8,4841.7,5423.0
JP,8014.0,13588.0,18372.5,9131.9,7970.7,4720.9,9450.0,13030.3,8258.7,16997.4,17371.0,12881.0,10310.5,13563.5,9627.9,13924.7,17241.0,12694.1,2100.0,14306.0,13224.4,12297.1,9086.0,8917.5,9877.3,8609.4,10423.5,14369.0,9560.9,10767.7,10103.5,7820.9,7326.4,9712.1,9560.0,13798.8,9500.0,12402.3,9047.9,9585.5,5833.2,8345.4,7653.9,8828.0,9689.5,9094.5,0.0,11283.9,4348.7,1150.7,8282.6,3731.7,8983.9,11580.5,11406.5,3010.9,13123.7,11308.5,5334.8,12961.7,13558.4,13378.5,9290.5,8387.7,5153.9,9071.3,7908.7,13539.1,15486.5,4938.1,2995.0,5732.5,8594.5,11150.0,8253.3,8870.2,9189.0,7482.0,11537.9,8682.6,5353.3,8170.0,5306.8,14170.5,4603.0,10433.4,7783.8,8769.5,11408.6,8194.6,11310.7,10900.0,18577.0,6024.2,3724.3,6270.1,7603.8,13518.5,12345.4,12447.4
KE,3412.2,3162.5,9562.1,5701.7,11909.9,6828.5,6442.2,4424.0,3451.9,10684.3,8410.2,2909.9,11619.9,2414.7,5937.0,4857.1,11919.1,3103.6,9601.0,11696.5,13301.5,12249.6,6077.9,6339.0,1470.9,6600.0,5378.7,12453.1,3516.9,5788.6,1162.6,7274.0,16460.1,6480.8,6820.2,4467.3,4231.7,13512.4,5467.9,7089.8,5401.5,3864.1,4187.8,8325.0,5400.6,3604.3,11283.9,0.0,8231.3,10105.0,3613.5,8251.4,3784.9,6063.6,2206.4,9206.2,5885.7,14338.7,7381.8,2782.8,3047.8,3473.2,6681.0,7105.3,5794.8,14219.5,3676.5,12587.8,12933.0,13253.6,9486.0,5213.5,5952.3,5947.5,3353.7,5080.3,5450.4,6225.3,756.1,3012.7,14390.1,6910.8,7398.4,5786.0,7243.2,4736.1,16199.7,4502.2,653.4,5456.1,504.3,12130.5,9396.1,5842.7,8144.5,15808.3,16386.0,2916.2,1822.8,1946.0
KH,5246.6,10230.3,17055.8,8786.5,7069.4,1936.2,9655.7,11267.6,6043.1,19279.7,17470.8,9603.9,13782.5,10470.7,9335.5,12271.3,17141.1,10516.7,3290.8,17674.3,17100.0,16373.6,8910.1,8858.8,7550.6,8831.2,10185.9,19728.6,8165.4,10405.8,7667.9,8183.5,8316.4,9938.3,9990.2,11165.8,8075.1,16469.1,8430.7,10003.9,3072.3,6281.3,6073.5,10013.1,9174.6,7307.7,4348.7,8231.3,0.0,3596.0,5946.1,755.8,7368.9,10848.7,7752.9,3532.0,12824.1,14773.1,994.8,9034.8,10218.5,10366.5,9777.3,8906.0,2465.6,9172.5,5005.0,17359.0,19788.0,4832.9,1719.4,3728.3,8492.0,10760.8,5893.5,8352.6,8593.1,8388.9,8882.3,6191.3,6181.1,8433.7,1141.6,13850.6,532.8,9548.2,8934.0,7644.8,8238.8,8113.1,8505.5,14370.8,19638.4,4446.1,852.1,7136.0,8754.7,9890.9,9261.7,9051.2
KR,6864.4,12432.4,19512.0,8273.8,8338.0,3720.2,8680.2,11956.0,7206.3,18851.7,18249.6,12073.3,10485.5,12214.1,8747.5,13114.6,18427.0,11915.3,950.3,14853.6,14044.3,12591.9,8260.1,8129.8,9160.9,7959.9,10024.5,14584.6,8358.3,9990.6,9532.6,7269.7,7278.3,8965.2,8858.2,12409.6,8467.1,13352.3,8269.0,8857.6,4684.7,7436.9,6550.9,8580.3,8966.1,8344.6,1150.7,10105.0,3596.0,0.0,7329.4,3124.8,8144.6,10489.0,10963.9,1992.9,12332.9,12097.3,4611.4,12357.9,12893.5,11626.9,8552.5,8257.4,3904.2,9857.1,6238.7,14149.1,16294.5,5190.5,2618.6,4321.6,7528.5,10417.1,7104.1,8221.4,8247.9,6600.9,10589.5,7497.2,5699.3,8054.1,4641.9,13129.3,3720.0,9600.3,8652.0,7753.1,10162.5,7418.0,10512.2,11147.7,19601.0,4876.4,2693.6,7319.3,8174.4,12420.4,11985.0,12165.1
KW,851.8,5905.5,12580.8,3385.5,12164.6,4276.3,4338.5,5225.8,420.0,13078.2,11322.7,6501.0,9856.0,5122.8,4051.2,6000.6,14227.1,4738.0,6233.3,12381.4,13322.9,12145.2,3679.2,3896.5,2051.4,4201.6,4053.2,13693.6,1616.7,4800.6,2393.8,3972.4,14187.5,4404.6,4641.1,5421.1,2396.4,13357.0,3158.0,5141.3,2767.5,560.0,758.8,5916.7,3426.5,1185.2,8282.6,3613.5,5946.1,7329.4,0.0,5543.3,1251.6,4949.9,5492.6,5447.3,6274.5,14127.9,6389.5,6154.0,6212.6,4788.8,4392.0,4602.0,3833.9,14438.3,1202.4,13178.5,14085.2,11111.5,7513.0,2673.4,3525.8,5268.7,569.3,2831.9,3156.6,3415.3,3961.3,557.6,12720.9,4231.9,6226.7,6590.4,5699.3,3405.0,15451.0,1910.4,4131.7,3073.5,3802.0,10454.7,12414.0,2730.7,5842.3,13966.0,15063.1,6244.0,5225.2,5777.6
LA,4919.6,10369.7,18944.0,8299.2,7186.8,1346.5,9005.9,10761.0,5238.1,19030.4,18257.8,9963.5,12917.8,10232.5,8924.0,11816.0,18718.3,10428.4,2401.2,18591.4,16671.1,16091.4,8473.4,8464.3,7124.25,8302.7,9436.5,19750.3,7427.1,10151.7,7452.4,7532.5,8383.7,9233.0,9239.2,11144.6,7791.7,15999.4,8147.1,9264.3,3003.2,5805.4,5137.1,9145.4,8719.7,6632.1,3731.7,8251.4,755.8,3124.8,5543.3,0.0,7184.3,10692.6,8266.9,2972.8,12297.2,14931.1,1894.9,9456.2,10556.3,10443.0,9087.9,8349.3,1892.3,9331.7,4663.2,16898.7,18857.9,4814.3,1812.0,3137.2,8182.7,9933.1,5284.9,8060.4,8372.0,6824.0,9153.2,6187.0,6376.7,8172.1,1858.9,12816.5,516.0,9139.1,9337.0,7221.7,8492.9,7558.8,8578.8,13772.0,19352.5,3808.7,481.9,7788.6,9037.2,9811.4,9466.3,9181.2
LB,1992.5,5428.0,11734.6,2224.3,14144.5,5112.6,3142.5,4427.5,1588.8,10879.1,10267.9,6571.0,8437.1,4882.7,2697.3,5103.5,12800.6,4093.2,7110.3,11032.1,11944.3,10101.8,2547.2,2623.4,2387.9,3124.9,2954.9,11998.0,566.8,3530.8,2521.1,3192.8,16467.0,3190.6,3471.6,4678.0,1120.1,12196.0,2033.1,3985.7,3674.6,829.6,1462.3,5215.3,2197.1,237.7,8983.9,3784.9,7368.9,8144.6,1251.6,7184.3,0.0,3866.8,5869.3,6204.1,5104.2,12374.7,7563.6,6270.1,6511.8,3923.2,3188.1,3524.6,4678.0,16401.5,2393.6,11640.8,12387.7,13357.8,8243.8,3311.6,2464.3,3955.4,1803.1,1410.1,1853.0,2274.5,4094.6,1436.1,14181.0,3125.8,7941.8,5716.3,7181.2,2312.0,17037.2,801.6,4372.0,2026.6,3643.3,9357.3,11469.4,3197.5,7176.4,16064.6,16413.5,6628.8,5170.7,5557.0
MA,5804.0,5578.2,9433.7,2487.8,18126.8,9106.0,2058.6,2652.4,5184.1,8693.6,7268.1,7341.6,5683.5,4830.6,1780.4,2870.1,9875.1,3823.1,10305.7,7539.6,8227.7,7163.0,2471.0,2624.2,5302.7,2830.8,914.3,8672.5,3459.9,571.7,5380.8,3847.0,19529.6,1814.8,2053.0,3147.7,2854.6,8405.3,2470.5,1869.1,7824.4,4450.1,4897.5,3534.1,1948.1,3970.5,11580.5,6063.6,10848.7,10489.0,4949.9,10692.6,3866.8,0.0,8248.5,9516.0,1775.0,9011.9,11491.6,7757.7,7241.6,3127.2,2277.0,3139.2,8466.3,19879.0,6093.3,7310.3,8525.4,16492.0,12130.5,7233.7,3069.2,543.0,5653.1,3087.4,2546.3,4279.1,5501.1,5012.0,17500.3,3548.5,11414.1,2306.7,10684.6,1643.1,19133.1,3461.1,6008.8,3689.5,5338.1,6151.7,9158.2,6337.3,10425.1,17960.2,16825.3,7636.0,6584.3,7273.1
MG,4967.2,3690.8,9713.8,8096.8,9557.9,6853.6,8737.9,6268.6,5117.8,10523.6,9371.4,2351.2,14233.9,4692.8,8175.5,6266.1,10644.9,5035.8,10191.1,12615.1,15150.5,13719.7,8220.9,8477.0,3318.3,8742.5,7554.4,14696.4,5254.4,8261.7,3260.8,8708.9,13996.0,8596.0,9001.4,5695.9,6505.6,15772.4,8070.5,9432.3,5692.7,5883.7,5531.8,10165.1,7633.5,5479.0,11406.5,2206.4,7752.9,10963.9,5492.6,8266.9,5869.3,8248.5,0.0,9649.0,7607.9,16745.0,6524.9,1426.9,3263.4,5127.4,9017.7,9354.7,7178.2,10928.8,4930.0,13963.5,13581.0,10796.0,9092.0,6440.4,8416.1,8327.3,5101.3,7653.9,7732.5,8341.7,2788.8,5164.8,12767.8,9194.2,7400.5,8131.2,7457.2,7410.3,15072.1,6796.4,2050.9,8177.3,2733.2,14395.1,9544.5,7661.1,8281.6,13624.5,15196.1,2177.4,1953.4,1712.4
MN,5301.1,11715.4,19255.0,6430.7,9582.7,3066.0,6972.9,10404.9,5435.8,16501.3,16564.7,11812.8,9581.7,10663.7,7144.2,11808.0,19223.9,10610.0,1166.2,15046.6,14372.5,12464.3,6489.5,6372.3,8145.1,6201.3,8314.5,16200.8,6650.4,8024.0,8141.1,5280.9,9565.3,7031.8,7017.7,11380.0,6714.1,13384.0,6178.1,7359.9,3219.2,5446.1,4922.0,6555.5,7095.0,5965.3,3010.9,9206.2,3532.0,1992.9,5447.3,2972.8,6204.1,9516.0,9649.0,0.0,10220.1,11730.5,4782.9,11417.0,11747.4,10042.7,6634.9,5905.3,2740.3,10807.1,4986.9,13390.4,16263.2,6272.1,3595.0,3149.1,5628.7,8188.5,5243.0,5891.5,6248.3,4643.7,9656.1,5865.9,8154.5,5633.7,4727.0,10854.5,3140.4,7460.7,10449.0,5455.2,9680.6,5749.9,8893.9,10072.3,19306.2,3082.0,2865.2,8814.0,10112.2,11855.8,10264.9,10659.3
MR,6830.8,4208.9,7455.6,4183.2,18542.5,10725.9,3969.5,1612.3,6396.7,7608.2,4959.7,5917.3,6146.3,4326.7,3806.9,1620.2,8370.3,3192.3,11519.0,6422.3,7712.9,7115.7,4327.0,4470.4,6253.8,4578.0,2416.7,7657.5,4612.0,2750.2,5567.0,5479.7,19029.5,3794.8,4025.3,1949.3,3927.4,8050.9,4306.1,4016.1,9048.7,5651.3,6445.3,4812.8,3546.3,4962.8,13123.7,5885.7,12824.1,12332.9,6274.5,12297.2,5104.2,1775.0,7607.9,10220.1,0.0,9051.4,12095.0,7257.6,6041.0,2720.3,4211.2,5022.8,9565.9,19082.920000000002,7453.0,6948.1,7500.1,18927.1,14529.4,8489.1,4825.2,2264.6,6637.6,4810.6,4368.1,6069.7,5388.8,6178.9,19166.4,5185.5,12739.9,404.8,11682.3,3115.7,19510.6,4912.9,6107.2,5301.5,5384.4,6156.3,7629.1,8157.4,11797.7,19252.0,19008.5,6851.6,6164.0,6345.0
MX,14314.5,12233.8,7385.9,9901.6,13203.0,15845.0,9233.2,10087.6,14312.0,5386.5,6850.0,14498.4,3569.5,13590.3,9582.6,9339.8,6583.5,11846.3,12435.0,3189.8,1926.2,1779.1,9748.3,9628.5,14185.8,9541.2,9390.0,3128.5,12379.3,9064.8,14106.2,9511.6,9465.8,9202.0,8929.4,9696.5,10764.3,1056.7,10076.3,8397.9,14368.7,12408.0,12202.1,7438.3,10245.7,12450.3,11308.5,14338.7,14773.1,12097.3,14127.9,14931.1,12374.7,9011.9,16745.0,11730.5,9051.4,0.0,16594.2,16132.2,13796.7,10827.1,9222.2,9029.8,15011.3,11827.0,14846.7,2411.5,4242.5,13379.3,14221.8,14549.4,10175.5,7543.0,13939.7,10440.1,10220.5,10730.0,14231.7,14107.7,11760.2,9568.1,16593.2,9045.5,16225.1,9940.8,9360.9,11480.2,15461.7,10659.9,14301.6,3026.4,7534.9,13475.0,15185.5,11526.7,9429.9,14381.3,14228.8,14658.4
MY,5587.3,9268.9,15873.7,9700.2,6565.6,2629.9,10234.4,11299.5,6234.8,18933.8,16432.4,8737.5,14793.2,9641.4,9984.0,11830.7,16705.3,10254.1,4347.8,19748.8,18349.8,17467.7,9612.0,9598.0,6620.5,9392.5,10544.1,19776.0,7605.4,11052.2,7137.9,8470.3,8500.7,10413.7,10593.8,11100.5,8369.7,17175.4,8910.5,10923.5,3871.5,6257.9,6098.9,10797.1,9596.8,7535.1,5334.8,7381.8,994.8,4611.4,6389.5,1894.9,7563.6,11491.6,6524.9,4782.9,12095.0,16594.2,0.0,8345.5,9404.9,10131.7,10359.5,9658.3,3252.5,8673.1,5186.2,19360.9,19832.9,5321.7,2484.0,4395.6,9419.9,11756.0,5906.5,8290.1,9180.2,8217.5,8287.0,6352.1,6577.1,9294.4,315.0,13760.0,1184.2,10179.6,9462.7,8076.2,7386.7,8482.5,8016.7,15527.3,15976.7,5226.6,2043.9,7446.1,8752.5,8513.0,8320.5,8378.5
MZ,5997.4,2784.7,8132.5,8088.5,10484.4,7792.4,8744.0,5533.9,6051.7,9179.4,7940.8,598.2,13440.9,2781.3,8097.7,5715.1,9240.4,3848.1,11764.3,10938.4,13480.3,12908.7,8216.3,8764.2,4054.2,9099.4,7467.6,11817.3,6244.1,8118.4,3251.7,9192.2,14241.8,8593.2,9085.1,5285.0,6687.7,13771.0,8166.4,9144.9,7287.4,6382.5,6393.5,10291.9,7706.3,6241.3,12961.7,2782.8,9034.8,12357.9,6154.0,9456.2,6270.1,7757.7,1426.9,11417.0,7257.6,16132.2,8345.5,0.0,1608.8,4491.9,8926.1,9371.5,7966.4,11869.9,5896.5,12432.1,11250.9,12731.8,10193.4,7289.2,8395.2,8370.5,6286.2,7656.0,7686.0,8470.7,2651.7,5777.1,13584.6,9328.7,8039.2,6846.7,8553.9,7324.2,14862.6,7416.7,1758.6,7937.2,2713.0,13566.6,8067.5,8190.5,9404.2,14236.65,16333.0,396.4,1058.9,831.8
NA,6492.1,1581.3,8119.9,7578.8,10415.9,9835.4,8295.6,4343.5,6590.8,8485.0,6634.0,913.5,11649.8,1836.7,7927.2,4156.2,8147.1,2864.3,11912.4,9511.4,11312.0,10838.0,7780.2,8166.2,4840.4,8549.9,6367.0,9816.1,5482.5,7255.4,4204.8,8969.8,14107.0,8131.8,8411.1,3229.2,6575.0,11469.4,7676.2,8663.0,8113.1,6821.1,6731.2,10320.2,7270.8,5962.6,13558.4,3047.8,10218.5,12893.5,6212.6,10556.3,6511.8,7241.6,3263.4,11747.4,6041.0,13796.7,9404.9,1608.8,0.0,3387.5,8346.5,8843.4,8731.7,11727.6,6507.0,10305.0,9813.2,13466.9,12077.8,8247.0,8303.0,7631.4,7014.5,7470.6,7637.5,8620.0,2518.5,6414.4,14171.1,8782.7,9619.5,5590.3,9949.7,6386.0,14366.6,7174.8,2780.8,7955.9,2923.9,11970.0,7102.8,8912.0,10724.4,14177.9,15755.3,1165.2,1434.0,1441.3
NG,4883.8,1821.9,8093.9,4313.9,14951.8,8634.8,4848.3,844.5,4889.3,8081.5,6685.1,3602.6,8540.0,1766.7,4040.9,1425.8,8600.6,668.0,10786.9,8222.8,9558.0,8851.1,4660.0,4862.1,3782.5,5178.0,2875.5,8800.3,3435.1,3740.2,3466.3,5680.6,19010.8,4515.0,4844.2,913.8,3422.6,9909.1,4413.4,5008.8,7409.0,4291.9,5108.4,6536.7,3543.9,4019.4,13378.5,3473.2,10366.5,11626.9,4788.8,10443.0,3923.2,3127.2,5127.4,10042.7,2720.3,10827.1,10131.7,4491.9,3387.5,0.0,4894.9,5500.8,7843.7,16080.6,5312.8,8878.0,8387.9,15757.8,12210.3,6602.4,4919.5,3794.3,4887.8,4365.5,4303.6,5305.1,2911.8,4391.1,17245.7,5444.9,10685.5,3120.3,9993.6,2833.1,19072.4,4176.3,3841.3,4959.2,2934.1,8628.1,7656.6,6465.0,10768.3,18496.5,18616.2,4510.4,3457.9,4132.2
NL,5176.1,6796.3,11447.2,963.1,16630.4,7704.1,173.0,4566.3,4787.3,10075.4,9239.8,8800.1,5700.1,6308.9,629.8,5188.7,11851.6,5324.8,7824.3,8826.7,9071.5,7781.7,710.9,576.9,5459.6,621.0,1741.5,9580.1,3286.5,1462.3,5467.6,1502.0,16251.9,430.0,357.2,5220.4,2179.2,9204.1,1145.1,753.0,6365.0,3810.5,4042.3,2013.7,1297.2,3352.8,9290.5,6681.0,9777.3,8552.5,4392.0,9087.9,3188.1,2277.0,9017.7,6634.9,4211.2,9222.2,10359.5,8926.1,8346.5,4894.9,0.0,905.5,7179.2,18571.0,5503.2,8808.6,10512.3,14186.0,10410.0,5628.9,1094.8,1864.0,4912.4,1787.2,1419.6,2158.3,6405.0,4840.3,15204.6,1125.0,10512.0,4649.5,9187.8,1769.8,16531.3,2490.5,7048.6,1780.2,6220.2,6195.5,11260.0,4854.6,8290.9,16213.8,15773.3,9242.2,7702.9,8189.8
NO,5055.8,7209.1,11808.6,1389.4,16026.8,7309.2,939.1,5194.1,4833.6,10296.2,9452.6,9145.2,5703.7,6979.8,1468.4,6108.2,12156.5,5922.4,6700.0,8732.2,9227.8,8052.0,1119.7,839.0,6109.8,483.0,2782.1,9751.6,3667.3,2594.3,5877.2,784.4,15633.0,1343.2,1153.0,5980.0,2613.8,9103.1,1479.7,1257.7,5971.6,3833.1,4192.0,1749.3,2003.2,3776.0,8387.7,7105.3,8906.0,8257.4,4602.0,8349.3,3524.6,3139.2,9354.7,5905.3,5022.8,9029.8,9658.3,9371.5,8843.4,5500.8,905.5,0.0,6496.7,17531.2,5354.0,9008.4,10602.4,12819.9,9480.3,5232.7,963.5,2763.2,4941.4,1931.0,1615.2,1643.7,6892.3,4752.3,13726.8,417.0,9671.7,5167.3,8658.4,2624.1,15875.5,2882.4,7739.0,1589.1,6431.9,6139.4,11499.8,4461.4,8272.7,15472.7,14251.6,9639.5,8381.0,8933.3
NP,3274.4,8461.7,18149.3,6203.1,9682.3,665.0,7068.7,8515.4,3574.8,17778.5,15325.1,8490.4,11611.8,8213.0,6809.6,10117.1,18867.3,8029.5,3130.3,16465.0,16238.5,14439.6,6223.6,6393.5,5088.4,6249.7,7479.9,17004.2,4659.9,7584.1,5427.3,5654.0,11440.4,7222.9,7311.6,8396.2,5505.7,15320.0,6145.5,7325.9,810.9,4062.9,3342.9,7597.5,6253.5,4842.7,5153.9,5794.8,2465.6,3904.2,3833.9,1892.3,4678.0,8466.3,7178.2,2740.3,9565.9,15011.3,3252.5,7966.4,8731.7,7843.7,7179.2,6496.7,0.0,11728.7,2890.9,16331.8,17387.7,6907.6,3592.4,1284.9,5868.8,8439.0,3381.2,5787.9,6006.7,4912.9,6681.8,4177.2,8386.8,6215.3,3245.5,10219.9,2207.7,6852.7,12046.0,4768.0,6403.2,5318.8,6509.3,12222.4,18315.7,1885.0,2079.7,10091.0,11028.7,8266.5,7776.8,7718.8
NZ,14228.2,12912.8,10317.7,18161.2,2326.0,11065.2,18816.1,18456.9,14808.5,11008.7,12039.8,11750.0,14378.9,14136.5,18792.4,18348.3,9378.1,14836.0,10260.7,12421.6,11723.5,13258.7,18135.7,18175.6,14927.0,17871.9,19552.6,11913.9,16460.2,19858.5,14324.1,16809.5,2625.1,18982.1,18809.6,18837.0,17657.0,12030.0,17868.7,18854.3,11909.1,15883.5,14892.3,17057.4,18649.2,16325.0,9071.3,14219.5,9172.5,9857.1,14438.3,9331.7,16401.5,19879.0,10928.8,10807.1,19082.920000000002,11827.0,8673.1,11869.9,11727.6,16080.6,18571.0,17531.2,11728.7,0.0,14244.5,12003.0,10750.9,4271.6,8423.4,13414.4,18035.5,18676.4,14490.7,17902.7,18002.2,16557.2,14220.6,14943.8,3359.8,17425.5,8413.7,18953.0,9677.3,18781.2,2578.5,17225.1,13008.6,17254.7,14382.5,14353.9,9669.1,14211.8,9332.7,2631.0,3273.9,11642.7,12591.2,12463.3
OM,396.9,5677.0,13743.9,4384.1,11221.5,3266.7,5376.8,6091.5,835.5,14206.1,12365.8,6166.9,10812.3,5041.2,5020.3,7056.2,16206.7,5209.7,5920.5,14228.4,15145.7,12946.2,4777.2,4958.6,2028.9,5072.8,5063.0,14701.6,2755.1,5771.8,2200.5,4967.1,14034.0,5338.5,5818.4,6309.1,3409.4,14811.7,4306.2,6085.9,1950.5,1655.2,1373.8,6898.6,4666.9,2395.0,7908.7,3676.5,5005.0,6238.7,1202.4,4663.2,2393.6,6093.3,4930.0,4986.9,7453.0,14846.7,5186.2,5896.5,6507.0,5312.8,5503.2,5354.0,2890.9,14244.5,0.0,14809.0,14821.5,9994.3,6593.1,1794.7,4335.5,6134.9,705.7,3834.2,4109.5,3976.8,3928.6,1189.1,11665.9,4969.8,5460.8,7885.1,4798.7,4728.1,15519.5,2670.7,3928.6,3759.5,3641.6,11422.1,13300.9,2544.2,5109.7,13497.8,14512.6,6280.0,5039.5,5412.9
PA,14151.0,9704.4,5296.0,9462.4,14270.6,16705.7,8764.8,8238.0,13850.4,3304.7,4621.9,11350.5,3712.2,9886.2,8841.3,7621.8,4805.5,9222.8,14702.9,753.4,543.9,1604.0,9391.8,9402.5,13701.0,9052.5,8304.0,1021.6,11686.8,8190.8,12529.5,9504.8,11483.5,8616.3,8483.1,8321.4,10131.7,1365.3,9608.9,8344.1,16087.5,12152.5,13049.4,7284.9,9374.6,11782.8,13539.1,12587.8,17359.0,14149.1,13178.5,16898.7,11640.8,7310.3,13963.5,13390.4,6948.1,2411.5,19360.9,12432.1,10305.0,8878.0,8808.6,9008.4,16331.8,12003.0,14809.0,0.0,2619.2,15457.6,17153.1,16147.3,9501.1,7634.7,13893.3,10099.4,9757.3,10568.6,11782.1,13021.3,13295.2,9514.4,19746.8,7514.6,17314.6,8858.3,10572.7,10872.1,12496.3,10123.9,11597.5,3330.4,5454.3,13880.8,17027.8,12889.0,9879.3,11555.4,11528.2,11465.4
PE,14793.2,9704.0,3139.0,11149.9,12467.5,17654.0,10399.6,9100.7,14482.5,1521.4,3171.1,10154.2,6184.5,10173.4,10273.5,8217.3,2464.8,9707.8,16634.0,1880.0,2601.5,3931.2,10914.2,11070.0,14059.7,11085.0,9736.5,1329.3,12436.6,9504.9,13526.4,11654.4,10967.4,10260.0,10175.9,8224.5,11167.2,3225.0,11305.3,9741.2,16563.0,13108.5,14463.5,9334.1,10837.0,12653.7,15486.5,12933.0,19788.0,16294.5,14085.2,18857.9,12387.7,8525.4,13581.0,16263.2,7500.1,4242.5,19832.9,11250.9,9813.2,8387.9,10512.3,10602.4,17387.7,10750.9,14821.5,2619.2,0.0,14381.6,18036.9,16861.4,11427.2,9606.9,14234.8,11256.5,11222.3,12642.1,11430.2,14026.0,12695.9,11339.1,18987.0,6448.8,19722.0,10011.6,10545.8,12228.3,11939.1,11953.5,11639.7,5629.4,3292.3,16216.2,19017.6,12611.9,9922.9,11159.6,10759.5,10658.2
PG,10884.6,14517.4,13584.8,14046.9,2798.8,6344.1,14453.6,17343.1,10795.3,14776.5,16242.6,13112.0,14131.0,15660.4,14222.8,17848.5,13196.0,15509.8,5255.5,16181.6,14536.2,16023.0,13760.3,13544.2,12431.3,13835.1,15222.1,15757.9,13656.0,15565.6,11849.3,12806.3,3462.5,14439.0,14692.7,17168.0,13849.7,14724.0,13610.0,14444.8,8159.2,11878.0,10277.75,13766.6,14166.9,12960.3,4938.1,13253.6,4832.9,5190.5,11111.5,4814.3,13357.8,16492.0,10796.0,6272.1,18927.1,13379.3,5321.7,12731.8,13466.9,15757.8,14186.0,12819.9,6907.6,4271.6,9994.3,15457.6,14381.6,0.0,3929.7,9078.5,13496.9,15747.0,10742.7,13962.8,14231.2,12135.1,14502.2,11150.7,1417.0,13481.4,4906.3,18657.7,5196.4,14991.8,4326.7,12857.9,13393.4,12929.5,14214.2,14506.9,14126.9,9163.3,5166.7,2398.4,4612.5,12470.1,14114.4,13061.4
PH,6511.6,11769.0,19537.6,9725.0,6260.2,3116.0,10452.8,13018.2,7379.4,19134.5,19245.2,11270.6,13229.9,11683.8,10371.6,13988.9,17338.0,12182.2,2852.1,17872.3,16491.1,16288.8,9905.4,9684.0,8609.1,9305.2,11446.9,17499.3,9433.3,11640.2,9036.0,8278.0,7138.7,10739.5,10738.0,13316.6,9564.2,16196.7,9127.6,10787.3,4763.2,7399.9,6317.1,10311.6,10407.9,8412.2,2995.0,9486.0,1719.4,2618.6,7513.0,1812.0,8243.8,12130.5,9092.0,3595.0,14529.4,14221.8,2484.0,10193.4,12077.8,12210.3,10410.0,9480.3,3592.4,8423.4,6593.1,17153.1,18036.9,3929.7,0.0,4756.3,9409.2,12119.5,7290.6,9239.0,9786.2,8227.9,10093.5,7505.5,4635.3,9185.6,2392.8,14892.8,2208.1,10875.6,7489.4,8292.2,9657.8,8567.2,9887.1,13821.0,19114.9,5584.1,1750.9,6073.2,7728.5,10973.7,10317.6,9979.7
PK,2033.0,7249.9,15333.8,4819.0,10350.4,2028.3,5446.2,7350.6,2313.2,15897.4,13989.9,7974.9,10748.1,7204.1,5464.8,8055.3,16456.2,6712.5,3781.7,15331.4,15999.1,13308.5,5089.7,5221.2,3944.3,5214.2,6208.6,16131.3,3446.2,5987.4,4413.3,4715.5,12907.7,5908.2,6049.9,7204.9,4175.2,15405.3,4809.9,6158.2,682.4,2637.7,1866.4,6646.5,5177.8,3415.2,5732.5,5213.5,3728.3,4321.6,2673.4,3137.2,3311.6,7233.7,6440.4,3149.1,8489.1,14549.4,4395.6,7289.2,8247.0,6602.4,5628.9,5232.7,1284.9,13414.4,1794.7,16147.3,16861.4,9078.5,4756.3,0.0,4482.2,7204.3,2263.3,4295.1,4918.2,3024.9,5479.1,2606.0,10074.8,5131.5,4643.5,8591.8,3461.9,5330.1,14317.1,3289.2,5370.8,4056.7,5149.9,11211.5,14262.2,823.6,3173.3,11996.0,13722.5,7818.7,6714.6,7006.7
PL,4146.3,6671.1,12234.9,556.0,15606.0,6828.5,1160.0,4824.1,3915.1,11072.7,9877.1,8498.3,6515.9,5952.2,996.3,5667.4,12398.5,5225.8,6950.0,9646.7,9918.5,8339.9,517.0,517.0,5059.5,670.1,2283.4,10428.5,2832.3,2290.0,5199.4,943.2,15775.5,1367.2,1450.1,5301.7,1598.0,9964.0,545.0,1825.6,5268.9,2511.4,3448.2,2792.0,1316.3,2624.8,8594.5,5952.3,8492.0,7528.5,3525.8,8182.7,2464.3,3069.2,8416.1,5628.7,4825.2,10175.5,9419.9,8395.2,8303.0,4919.5,1094.8,963.5,5868.8,18035.5,4335.5,9501.1,11427.2,13496.9,9409.2,4482.2,0.0,2755.3,3936.4,946.0,741.3,1151.0,6057.3,3817.8,14285.5,810.0,9241.1,5183.0,8112.7,1874.3,16145.5,1424.7,6772.8,689.3,5644.0,7150.1,11927.4,3792.1,8166.7,15448.0,15458.3,8693.2,7377.5,7691.0
PT,6092.5,5778.3,9582.5,2300.0,18038.8,8743.5,1712.5,3160.3,5456.9,8516.0,7289.7,7878.7,5285.9,5775.3,1647.3,3726.4,9880.0,4429.6,9614.0,7296.0,7747.5,7148.1,2242.1,2310.0,5548.2,2297.2,978.7,7874.0,3680.4,502.7,5665.0,3364.2,19126.0,1452.7,1585.1,3806.5,2852.7,8188.0,2473.8,1642.5,7591.1,4803.8,5031.2,2937.3,1862.1,4046.7,11150.0,5947.5,10760.8,10417.1,5268.7,9933.1,3955.4,543.0,8327.3,8188.5,2264.6,7543.0,11756.0,8370.5,7631.4,3794.3,1864.0,2763.2,8439.0,18676.4,6134.9,7634.7,9606.9,15747.0,12119.5,7204.3,2755.3,0.0,5342.1,2977.2,2376.3,3903.0,5963.8,5021.5,17117.9,2990.0,11400.2,2793.4,10432.4,1712.6,19685.5,3380.4,6740.2,3376.9,5605.8,5722.8,9625.7,6475.5,10106.9,17383.5,17095.5,8072.4,7123.6,7416.0
QA,300.6,5797.3,13310.3,3951.5,12024.6,3927.1,4895.5,5312.3,140.7,13736.0,11657.4,6664.3,10517.3,4966.5,4527.7,6173.0,14387.6,4778.6,6180.5,13512.4,14115.0,12672.5,4212.5,4373.1,1993.3,4615.6,4818.0,14288.7,2056.4,5327.1,2228.1,4390.2,14374.3,4972.7,5236.2,5626.6,2925.6,13975.8,3792.0,5313.6,2550.2,1122.8,1151.9,6186.0,4024.0,1688.5,8253.3,3353.7,5893.5,7104.1,569.3,5284.9,1803.1,5653.1,5101.3,5243.0,6637.6,13939.7,5906.5,6286.2,7014.5,4887.8,4912.4,4941.4,3381.2,14490.7,705.7,13893.3,14234.8,10742.7,7290.6,2263.3,3936.4,5342.1,0.0,3130.1,3577.8,3570.8,3582.9,491.8,12110.5,4678.0,6202.5,7346.5,5291.6,4019.9,15047.6,2241.9,3903.6,3392.1,3468.3,11262.3,13312.1,2500.5,5520.9,13762.0,14787.8,6854.2,5111.9,5615.5
RO,3406.1,6095.9,11857.2,854.9,15256.2,6355.6,1765.5,4601.2,2994.3,10999.7,10012.5,7670.7,7277.1,5572.3,1419.1,5159.2,12605.8,4896.9,7456.1,10125.1,10313.7,9160.2,1081.5,1293.2,4048.3,1551.9,2177.7,10792.3,1530.2,2474.5,4078.1,1738.5,16281.2,1871.1,2089.8,5075.6,747.0,10366.1,642.9,2530.7,5098.9,1961.2,2627.2,3537.3,1139.0,1632.5,8870.2,5080.3,8352.6,8221.4,2831.9,8060.4,1410.1,3087.4,7653.9,5891.5,4810.6,10440.1,8290.1,7656.0,7470.6,4365.5,1787.2,1931.0,5787.9,17902.7,3834.2,10099.4,11256.5,13962.8,9239.0,4295.1,946.0,2977.2,3130.1,0.0,447.9,1486.27,5306.6,2843.6,14424.6,1711.9,8267.5,5123.5,7727.4,1598.1,16790.4,645.3,5510.6,733.1,4813.0,7879.0,11732.5,3300.7,7362.4,15544.1,15882.1,7897.5,6325.3,6832.3
RS,3813.1,6104.6,11823.0,490.0,15947.6,7097.5,1373.1,4281.5,3454.7,10658.3,9458.1,7886.4,7286.2,5431.6,955.8,4977.7,12210.0,4877.1,7417.5,9439.2,10151.9,8731.8,741.6,991.9,4676.932,1106.9,1700.9,10612.0,1895.0,2027.6,4726.0,1656.7,16340.4,1446.0,1689.8,5000.6,806.5,10174.3,316.4,1906.8,5260.5,2250.5,3160.4,3099.3,723.0,1987.4,9189.0,5450.4,8593.1,8247.9,3156.6,8372.0,1853.0,2546.3,7732.5,6248.3,4368.1,10220.5,9180.2,7686.0,7637.5,4303.6,1419.6,1615.2,6006.7,18002.2,4109.5,9757.3,11222.3,14231.2,9786.2,4918.2,741.3,2376.3,3577.8,447.9,0.0,1624.9,5197.8,3187.7,14944.4,1626.2,9176.5,4846.2,8269.0,1238.7,17030.5,966.1,5560.7,825.3,4881.3,7701.7,11633.3,4022.9,8199.0,15750.0,16174.4,7877.4,6219.5,7095.2
RU,3739.8,7279.0,13476.0,1670.0,14466.2,4950.1,2251.6,5707.0,3446.6,11971.2,11180.0,9030.1,7197.8,6860.2,2188.4,6463.9,14111.0,6035.4,5790.2,10906.4,10854.4,9576.6,1667.3,1608.5,4886.4,1563.5,3480.7,11618.7,3346.0,3440.0,5139.5,893.3,14727.3,2485.9,2500.2,6174.7,2230.0,10819.0,1566.8,2798.0,4340.0,2547.7,2464.0,3307.3,2375.0,2655.0,7482.0,6225.3,8388.9,6600.9,3415.3,6824.0,2274.5,4279.1,8341.7,4643.7,6069.7,10730.0,8217.5,8470.7,8620.0,5305.1,2158.3,1643.7,4912.9,16557.2,3976.8,10568.6,12642.1,12135.1,8227.9,3024.9,1151.0,3903.0,3570.8,1486.27,1624.9,0.0,6300.8,3519.9,12320.0,1225.5,8384.5,6525.1,7065.0,3003.0,15646.3,1796.0,6904.2,755.0,6066.7,7825.0,13731.4,2798.1,6731.6,14013.6,14204.8,9188.5,7615.5,8163.1
RW,3931.6,2140.2,9757.3,5709.7,12082.5,7429.7,6302.5,3534.7,3766.8,10264.7,8189.2,2459.5,11411.8,1658.1,5734.2,4189.7,10497.4,2174.7,10165.2,11258.4,12270.5,11884.3,6095.4,6263.9,1948.5,6403.6,4885.1,11523.6,3517.6,5648.7,1550.5,7039.8,16321.5,6215.6,6554.9,3514.2,4484.3,12467.2,5791.6,7008.7,5577.2,4109.1,4334.0,8502.4,5365.9,3672.9,11537.9,756.1,8882.3,10589.5,3961.3,9153.2,4094.6,5501.1,2788.8,9656.1,5388.8,14231.7,8287.0,2651.7,2518.5,2911.8,6405.0,6892.3,6681.8,14220.6,3928.6,11782.1,11430.2,14502.2,10093.5,5479.1,6057.3,5963.8,3582.9,5306.6,5197.8,6300.8,0.0,3713.0,15744.1,6909.4,8243.2,5198.4,8249.7,4288.1,16304.2,5087.6,714.1,5936.8,376.9,11700.5,9275.6,6431.0,9154.1,16033.3,16792.2,2899.5,1349.2,1817.4
SA,787.2,5357.2,12133.6,3800.1,12128.9,4885.6,4721.8,5089.1,424.8,12881.5,10752.8,6194.2,10096.9,4858.3,4233.0,5996.5,13909.8,4321.4,6176.5,12524.6,13463.3,11963.5,4070.3,4273.7,1567.0,4541.0,3837.1,13709.9,1613.7,4795.2,1889.8,4365.6,14915.4,4673.2,4936.3,5139.8,2562.6,13616.0,3604.5,5501.6,3043.1,960.8,1277.8,6325.9,3669.9,1132.5,8682.6,3012.7,6191.3,7497.2,557.6,6187.0,1436.1,5012.0,5164.8,5865.9,6178.9,14107.7,6352.1,5777.1,6414.4,4391.1,4840.3,4752.3,4177.2,14943.8,1189.1,13021.3,14026.0,11150.7,7505.5,2606.0,3817.8,5021.5,491.8,2843.6,3187.7,3519.9,3713.0,0.0,13100.6,4671.8,6652.9,6538.5,5684.4,3262.5,16097.3,2062.1,3516.1,3330.5,3194.2,10998.3,11706.6,3142.3,6219.0,14273.6,15670.3,5994.2,4827.5,5333.4
SB,12065.5,15874.5,12578.5,15417.7,3150.2,7854.0,15653.7,18770.4,12056.2,13553.8,15587.5,13701.0,12663.9,17452.6,15541.8,18756.2,11849.3,17694.4,7156.6,14307.3,13085.7,13533.4,15195.4,14710.8,13564.6,14263.8,16027.3,13599.1,14917.8,16265.0,14137.7,13129.8,2004.7,16035.1,15150.0,19236.8,14940.9,12880.2,14937.8,15193.0,9557.5,13215.7,11503.8,13807.8,15606.3,14263.7,5353.3,14390.1,6181.1,5699.3,12720.9,6376.7,14181.0,17500.3,12767.8,8154.5,19166.4,11760.2,6577.1,13584.6,14171.1,17245.7,15204.6,13726.8,8386.8,3359.8,11665.9,13295.2,12695.9,1417.0,4635.3,10074.8,14285.5,17117.9,12110.5,14424.6,14944.4,12320.0,15744.1,13100.6,0.0,14176.4,5838.9,18987.7,6351.3,16306.8,2906.1,14270.3,14423.1,14247.1,15508.1,13283.1,12475.9,10581.1,6159.1,1186.4,2934.9,13208.3,14861.1,14139.9
SE,4776.9,7267.9,11911.8,1244.0,15598.2,6958.5,1281.8,5409.3,4642.0,10656.9,10068.9,9227.6,5782.2,6815.4,1513.7,6244.7,12334.4,6232.8,6705.4,9497.5,9587.4,8278.6,1060.9,810.0,5636.4,522.0,3028.8,10212.6,3422.2,2590.0,5735.6,396.0,15635.3,1544.0,1432.3,6062.9,2607.2,9573.9,1285.0,1625.0,5576.3,3418.3,3507.4,2140.8,1968.9,3377.9,8170.0,6910.8,8433.7,8054.1,4231.9,8172.1,3125.8,3548.5,9194.2,5633.7,5185.5,9568.1,9294.4,9328.7,8782.7,5444.9,1125.0,417.0,6215.3,17425.5,4969.8,9514.4,11339.1,13481.4,9185.6,5131.5,810.0,2990.0,4678.0,1711.9,1626.2,1225.5,6909.4,4671.8,14176.4,0.0,9523.2,5430.5,8288.6,2597.9,15667.6,2448.5,7474.0,1258.0,6273.6,6592.6,11934.8,3991.8,8300.5,15206.1,14409.2,9559.4,7913.6,8508.3
SG,5886.1,9561.4,15886.6,9703.4,6150.0,2896.6,10525.8,11443.1,6352.8,18612.4,16108.3,9181.7,14897.7,10090.6,10288.5,12771.1,16342.8,10535.6,4480.3,19717.0,18696.7,18421.3,9764.6,9912.3,6793.6,9969.3,10441.3,19735.5,8280.0,11382.1,7377.5,9261.9,8288.4,10738.0,10850.9,11333.8,9048.9,16980.5,9157.0,10898.3,4150.0,6681.0,5806.6,10866.3,9526.6,7404.2,5306.8,7398.4,1141.6,4641.9,6226.7,1858.9,7941.8,11414.1,7400.5,4727.0,12739.9,16593.2,315.0,8039.2,9619.5,10685.5,10512.0,9671.7,3245.5,8413.7,5460.8,19746.8,18987.0,4906.3,2392.8,4643.5,9241.1,11400.2,6202.5,8267.5,9176.5,8384.5,8243.2,6652.9,5838.9,9523.2,0.0,15191.5,1433.1,10339.3,8744.9,8326.8,7884.5,8444.9,8306.0,15548.4,16093.6,5283.5,2205.1,7103.5,8768.4,8755.8,8699.6,8290.9
SN,7477.1,4830.3,6955.6,4769.6,17403.3,12334.5,4478.6,1742.9,7119.2,7223.3,5003.0,6014.2,6267.8,4727.6,4153.8,1815.3,8301.5,3616.6,12170.7,5424.5,7608.7,6761.6,4862.2,5020.3,6310.5,5069.5,3161.8,7438.5,5102.8,3150.3,5920.7,5924.5,18929.4,4200.0,4380.7,2231.2,4546.5,8101.9,4833.9,4411.5,9690.4,6211.3,6892.1,5077.0,4175.9,5733.2,14170.5,5786.0,13850.6,13129.3,6590.4,12816.5,5716.3,2306.7,8131.2,10854.5,404.8,9045.5,13760.0,6846.7,5590.3,3120.3,4649.5,5167.3,10219.9,18953.0,7885.1,7514.6,6448.8,18657.7,14892.8,8591.8,5183.0,2793.4,7346.5,5123.5,4846.2,6525.1,5198.4,6538.5,18987.7,5430.5,15191.5,0.0,13410.8,3709.8,19811.4,5271.7,6082.8,5758.5,5423.7,6170.3,6539.8,8763.3,13069.8,19091.3,18774.9,6693.0,6143.7,6590.6
TH,4968.3,9935.4,17102.0,8452.3,7361.1,1540.5,9263.7,10660.5,5360.6,18405.2,16730.0,9354.5,13665.0,9607.0,9059.0,11673.5,17210.2,9989.9,3297.0,17277.0,17177.8,16483.3,8586.7,8602.1,6668.3,8614.5,9796.1,19673.2,7339.5,10191.6,6852.3,7898.4,9385.5,9440.6,9535.7,11146.0,7919.7,16742.0,8265.6,9633.1,2918.5,6225.7,5446.6,9241.9,8815.8,6954.8,4603.0,7243.2,532.8,3720.0,5699.3,516.0,7181.2,10684.6,7457.2,3140.4,11682.3,16225.1,1184.2,8553.9,9949.7,9993.6,9187.8,8658.4,2207.7,9677.3,4798.7,17314.6,19722.0,5196.4,2208.1,3461.9,8112.7,10432.4,5291.6,7727.4,8269.0,7065.0,8249.7,5684.4,6351.3,8288.6,1433.1,13410.8,0.0,9140.4,9597.1,7460.1,7350.6,7431.1,8308.3,13953.4,19496.1,4255.0,990.5,7511.0,9549.0,9095.4,9214.9,8909.4
TN,4246.0,4774.0,10117.5,1361.3,16235.6,7586.4,1625.9,2861.3,3873.2,9325.3,8210.1,6919.5,6698.5,4532.3,968.6,3806.9,11056.2,3477.9,8591.9,8532.2,9361.3,8320.7,1429.0,1501.1,4237.1,1951.1,630.0,9142.0,2099.8,1272.1,4060.1,2931.8,17304.0,1480.4,1825.7,3597.6,1203.9,9437.0,1328.7,2264.0,6052.5,2915.6,3851.3,3744.5,600.4,2413.8,10433.4,4736.1,9548.2,9600.3,3405.0,9139.1,2312.0,1643.1,7410.3,7460.7,3115.7,9940.8,10179.6,7324.2,6386.0,2833.1,1769.8,2624.1,6852.7,18781.2,4728.1,8858.3,10011.6,14991.8,10875.6,5330.1,1874.3,1712.6,4019.9,1598.1,1238.7,3003.0,4288.1,3262.5,16306.8,2597.9,10339.3,3709.8,9140.4,0.0,17442.7,2042.9,4987.2,2191.2,4295.3,7135.5,10082.0,5038.3,9223.6,17224.9,16997.1,7399.8,5710.0,6676.0
TO,14968.0,16900.3,10295.1,16847.4,3586.3,11392.0,16527.0,19448.9,15466.2,11111.3,13272.5,14821.4,12087.1,16667.9,16886.0,18999.5,9589.2,18908.9,9633.0,12032.8,9568.2,11933.0,16484.4,16375.3,16298.3,16119.9,18927.9,10993.5,16547.0,19425.9,16512.1,15553.9,750.0,16681.5,16257.8,19469.5,17460.9,9532.8,16853.4,16380.1,12495.3,16318.8,15289.3,15845.6,16978.5,16353.2,7783.8,16199.7,8934.0,8652.0,15451.0,9337.0,17037.2,19133.1,15072.1,10449.0,19510.6,9360.9,9462.7,14862.6,14366.6,19072.4,16531.3,15875.5,12046.0,2578.5,15519.5,10572.7,10545.8,4326.7,7489.4,14317.1,16145.5,19685.5,15047.6,16790.4,17030.5,15646.3,16304.2,16097.3,2906.1,15667.6,8744.9,19811.4,9597.1,17442.7,0.0,16353.4,15398.9,16359.6,16489.8,11904.0,10955.3,13719.9,8675.9,1866.0,881.2,13338.4,15216.0,14381.8
TR,2629.5,5868.5,11895.7,1594.8,14407.4,5420.8,2589.6,4479.7,2067.1,11440.3,10127.9,7432.4,7726.7,5109.8,2023.9,5052.8,13222.3,4376.5,7506.6,10735.3,11348.2,9671.2,1644.8,2029.8,3322.6,2036.2,2723.0,11913.1,1108.1,3149.5,3467.3,2476.8,16280.2,2598.0,2831.0,4889.6,814.7,11383.4,1169.8,3350.7,4301.0,1258.7,1695.7,4180.5,1638.5,830.5,8769.5,4502.2,7644.8,7753.1,1910.4,7221.7,801.6,3461.1,6796.4,5455.2,4912.9,11480.2,8076.2,7416.7,7174.8,4176.3,2490.5,2882.4,4768.0,17225.1,2670.7,10872.1,12228.3,12857.9,8292.2,3289.2,1424.7,3380.4,2241.9,645.3,966.1,1796.0,5087.6,2062.1,14270.3,2448.5,8326.8,5271.7,7460.1,2042.9,16353.4,0.0,4820.5,1058.0,4208.6,8414.7,12045.5,3051.8,7269.3,15416.6,16126.7,7421.6,5556.4,5995.5
TZ,3972.6,2854.3,9351.3,6183.3,10986.6,6783.039999999999,6859.2,4373.5,4146.1,9972.2,8442.7,2330.5,12212.6,2046.6,6205.1,4851.8,10523.2,2997.8,9668.1,11529.4,13128.7,12396.4,6578.6,6902.3,1987.65,7249.4,5422.3,12392.6,3631.2,6190.2,1350.0,7431.8,15251.0,6878.2,7456.7,4499.8,4494.2,13687.3,6044.3,7812.8,5484.9,4271.4,4685.2,9006.3,5405.1,3871.2,11408.6,653.4,8238.8,10162.5,4131.7,8492.9,4372.0,6008.8,2050.9,9680.6,6107.2,15461.7,7386.7,1758.6,2780.8,3841.3,7048.6,7739.0,6403.2,13008.6,3928.6,12496.3,11939.1,13393.4,9657.8,5370.8,6772.8,6740.2,3903.6,5510.6,5560.7,6904.2,714.1,3516.1,14423.1,7474.0,7884.5,6082.8,7350.6,4987.2,15398.9,4820.5,0.0,6258.2,704.6,12549.5,9742.6,6134.5,8244.9,14990.4,16510.9,2440.6,1037.0,1517.4
UA,3482.0,6298.8,12820.5,1028.7,14920.3,6204.9,1805.6,5128.2,3134.4,11534.0,10178.5,8191.7,7201.2,6109.4,1639.0,5723.3,13095.9,5340.9,6450.0,10236.8,10438.7,8715.9,1142.8,1186.6,4553.3,1444.4,2825.3,11171.0,2274.4,2864.0,4825.6,1145.6,16236.5,2023.5,2134.0,5532.5,1486.4,10397.2,921.0,2595.5,4564.4,2223.7,2487.7,3226.8,1668.4,2122.8,8194.6,5456.1,8113.1,7418.0,3073.5,7558.8,2026.6,3689.5,8177.3,5749.9,5301.5,10659.9,8482.5,7937.2,7955.9,4959.2,1780.2,1589.1,5318.8,17254.7,3759.5,10123.9,11953.5,12929.5,8567.2,4056.7,689.3,3376.9,3392.1,733.1,825.3,755.0,5936.8,3330.5,14247.1,1258.0,8444.9,5758.5,7431.1,2191.2,16359.6,1058.0,6258.2,0.0,5422.9,7831.5,12216.8,3220.3,7246.8,15168.0,15366.9,8354.3,7380.8,7310.1
UG,3683.2,2248.4,9609.9,5285.9,12243.4,7169.4,6227.6,3620.3,3576.0,9798.3,8035.8,2920.1,11221.2,1750.5,5468.6,4104.0,10892.1,2201.9,9515.0,11624.6,12220.0,11717.9,5512.9,5998.4,1798.3,6180.0,4645.2,12864.0,3313.3,5445.6,1084.0,6737.9,16462.5,5721.9,6480.2,3471.0,3918.9,12924.0,5246.8,6558.5,5503.8,3805.9,4346.2,7896.4,4920.6,3364.6,11310.7,504.3,8505.5,10512.2,3802.0,8578.8,3643.3,5338.1,2733.2,8893.9,5384.4,14301.6,8016.7,2713.0,2923.9,2934.1,6220.2,6431.9,6509.3,14382.5,3641.6,11597.5,11639.7,14214.2,9887.1,5149.9,5644.0,5605.8,3468.3,4813.0,4881.3,6066.7,376.9,3194.2,15508.1,6273.6,8306.0,5423.7,8308.3,4295.3,16489.8,4208.6,704.6,5422.9,0.0,11701.4,9367.7,6227.6,8487.4,15771.6,17135.0,2921.5,1516.8,1948.8
US,11357.3,10483.1,8383.2,7044.5,15965.7,12637.2,6238.9,8318.7,11417.2,6505.2,6724.6,12496.7,732.3,10110.9,6410.5,8124.1,8067.5,9419.4,11157.4,3491.2,3226.0,1830.4,6569.8,6715.4,11552.8,6218.3,6195.3,4490.0,9439.7,6108.5,11563.2,6931.2,12437.1,6168.9,5900.0,8282.8,7850.3,3021.1,7256.1,5407.5,12025.7,9977.3,9721.5,4493.9,6858.4,9461.7,10900.0,12130.5,14370.8,11147.7,10454.7,13772.0,9357.3,6151.7,14395.1,10072.3,6156.3,3026.4,15527.3,13566.6,11970.0,8628.1,6195.5,6139.4,12222.4,14353.9,11422.1,3330.4,5629.4,14506.9,13821.0,11211.5,7150.1,5722.8,11262.3,7879.0,7701.7,7825.0,11700.5,10998.3,13283.1,6592.6,15548.4,6170.3,13953.4,7135.5,11904.0,8414.7,12549.5,7831.5,11701.4,0.0,8382.6,10136.3,13205.8,12797.5,11503.1,13077.8,11952.0,12538.6
UY,13133.0,6663.5,221.9,11236.3,11578.8,17261.5,11027.2,8131.3,12539.8,1926.1,2277.5,8037.3,8994.8,7930.8,11121.5,7112.3,1365.0,8124.3,19146.0,4772.0,5531.2,6760.1,11512.6,11673.7,11317.9,11821.6,9715.1,4705.0,11305.7,9928.7,9917.2,12182.6,11830.2,10976.0,11083.2,6627.0,10949.7,6353.7,11777.0,11037.7,16091.2,12415.4,13599.1,10810.5,11099.3,12028.2,18577.0,9396.1,19638.4,19601.0,12414.0,19352.5,11469.4,9158.2,9544.5,19306.2,7629.1,7534.9,15976.7,8067.5,7102.8,7656.6,11260.0,11499.8,18315.7,9669.1,13300.9,5454.3,3292.3,14126.9,19114.9,14262.2,11927.4,9625.7,13312.1,11732.5,11633.3,13731.4,9275.6,11706.6,12475.9,11934.8,16093.6,6539.8,19496.1,10082.0,10955.3,12045.5,9742.6,12216.8,9367.7,8382.6,0.0,15300.0,19868.3,12376.3,11733.1,7424.6,8161.2,8175.4
UZ,2438.5,8379.1,16190.6,4247.4,11616.9,2984.9,5058.5,7338.0,2992.9,14933.4,13755.5,8751.3,9890.4,7551.2,4939.1,7992.5,16601.3,6711.3,3942.3,13999.8,14335.5,11797.2,4331.2,4315.4,4763.5,4371.2,5378.6,14954.1,3607.9,5919.3,4966.8,3722.7,12860.8,5144.9,5254.3,7172.8,3886.8,13805.2,3987.4,5784.9,1579.9,2016.4,1628.7,5652.1,4756.3,3139.3,6024.2,5842.7,4446.1,4876.4,2730.7,3808.7,3197.5,6337.3,7661.1,3082.0,8157.4,13475.0,5226.6,8190.5,8912.0,6465.0,4854.6,4461.4,1885.0,14211.8,2544.2,13880.8,16216.2,9163.3,5584.1,823.6,3792.1,6475.5,2500.5,3300.7,4022.9,2798.1,6431.0,3142.3,10581.1,3991.8,5283.5,8763.3,4255.0,5038.3,13719.9,3051.8,6134.5,3220.3,6227.6,10136.3,15300.0,0.0,4165.2,12007.3,13551.6,8352.8,7321.7,7542.1
VN,5298.3,10518.6,18479.222222222223,8329.7,7476.1,1706.3,8442.8,10970.8,5857.6,19360.2,17271.3,9900.2,12700.1,10390.1,8922.0,12230.2,18696.0,10807.4,2330.0,17736.6,16763.0,15703.6,8299.5,8299.9,7389.1,8305.0,9831.3,19228.5,7943.2,10126.5,7502.6,7765.3,8143.5,9194.0,9228.6,11351.3,7997.4,16066.3,8255.2,9223.7,3003.7,6120.9,5505.1,8851.1,8728.2,7105.3,3724.3,8144.5,852.1,2693.6,5842.3,481.9,7176.4,10425.1,8281.6,2865.2,11797.7,15185.5,2043.9,9404.2,10724.4,10768.3,8290.9,8272.7,2079.7,9332.7,5109.7,17027.8,19017.6,5166.7,1750.9,3173.3,8166.7,10106.9,5520.9,7362.4,8199.0,6731.6,9154.1,6219.0,6159.1,8300.5,2205.1,13069.8,990.5,9223.6,8675.9,7269.3,8244.9,7246.8,8487.4,13205.8,19868.3,4165.2,0.0,7311.2,9015.0,10146.4,9432.0,9040.9
VU,13778.9,16289.9,11752.7,15987.3,2705.4,10012.5,16263.0,19016.9,13707.3,13110.5,14280.9,13775.2,12910.8,16316.5,16236.4,19011.7,11597.3,17098.0,8285.7,14128.5,12811.1,13644.3,15934.4,15737.3,15025.3,15620.5,17215.7,13037.7,16170.0,17289.2,15278.0,14489.0,1074.0,16270.6,16262.5,19165.5,16155.5,12439.3,15827.4,16120.1,11403.7,14430.6,13924.3,15800.8,16384.4,16029.8,6270.1,15808.3,7136.0,7319.3,13966.0,7788.6,16064.6,17960.2,13624.5,8814.0,19252.0,11526.7,7446.1,14236.65,14177.9,18496.5,16213.8,15472.7,10091.0,2631.0,13497.8,12889.0,12611.9,2398.4,6073.2,11996.0,15448.0,17383.5,13762.0,15544.1,15750.0,14013.6,16033.3,14273.6,1186.4,15206.1,7103.5,19091.3,7511.0,17224.9,1866.0,15416.6,14990.4,15168.0,15771.6,12797.5,12376.3,12007.3,7311.2,0.0,1984.8,12484.5,15157.6,14167.1
WS,14554.5,17513.1,10469.8,16231.3,4387.1,10960.3,15765.3,18486.9,14865.3,11744.7,13388.9,15875.5,11578.7,17084.8,16458.0,19194.9,9574.9,18885.0,9400.4,11530.7,9087.8,9647.2,16045.8,15335.1,16094.9,15067.1,16924.4,10299.1,16571.0,16935.8,16775.7,14129.7,1148.5,16345.3,15608.6,19082.6,16418.8,9237.4,16269.7,15308.8,12754.7,15919.2,14995.1,13431.3,16437.6,16254.7,7603.8,16386.0,8754.7,8174.4,15063.1,9037.2,16413.5,16825.3,15196.1,10112.2,19008.5,9429.9,8752.5,16333.0,15755.3,18616.2,15773.3,14251.6,11028.7,3273.9,14512.6,9879.3,9922.9,4612.5,7728.5,13722.5,15458.3,17095.5,14787.8,15882.1,16174.4,14204.8,16792.2,15670.3,2934.9,14409.2,8768.4,18774.9,9549.0,16997.1,881.2,16126.7,16510.9,15366.9,17135.0,11503.1,11733.1,13551.6,9015.0,1984.8,0.0,13929.8,16154.2,15996.1
ZA,6290.8,2490.0,8120.6,8526.4,10356.3,8427.7,8881.6,5105.4,6273.0,9230.2,7472.5,258.8,12851.3,2777.4,8314.1,5107.2,8140.3,3774.1,11715.3,10719.2,11562.4,11979.9,8425.0,8729.1,4766.6,9355.5,7459.3,11143.6,6275.9,8051.8,4129.0,9505.8,13253.8,8696.5,9026.5,4681.3,7412.0,12770.5,8538.6,9646.7,8033.7,6797.9,6778.8,11081.7,7743.0,6380.8,13518.5,2916.2,9890.9,12420.4,6244.0,9811.4,6628.8,7636.0,2177.4,11855.8,6851.6,14381.3,8513.0,396.4,1165.2,4510.4,9242.2,9639.5,8266.5,11642.7,6280.0,11555.4,11159.6,12470.1,10973.7,7818.7,8693.2,8072.4,6854.2,7897.5,7877.4,9188.5,2899.5,5994.2,13208.3,9559.4,8755.8,6693.0,9095.4,7399.8,13338.4,7421.6,2440.6,8354.3,2921.5,13077.8,7424.6,8352.8,10146.4,12484.5,13929.8,0.0,963.6,925.5
ZM,5341.6,1913.9,8139.7,7174.9,11064.0,8023.4,7443.8,4269.2,5137.5,8810.1,7734.6,996.7,12010.6,1816.8,7315.3,4846.8,9387.3,2830.3,10981.1,10244.2,12104.9,11707.3,7274.7,7289.2,3097.5,7661.4,5489.9,11113.7,4872.6,7202.6,2864.2,8108.2,15513.2,7498.6,7920.2,4309.6,5507.3,12584.2,6985.5,8103.1,7044.8,5331.7,5492.0,9287.8,5976.8,4841.7,12345.4,1822.8,9261.7,11985.0,5225.2,9466.3,5170.7,6584.3,1953.4,10264.9,6164.0,14228.8,8320.5,1058.9,1434.0,3457.9,7702.9,8381.0,7776.8,12591.2,5039.5,11528.2,10759.5,14114.4,10317.6,6714.6,7377.5,7123.6,5111.9,6325.3,6219.5,7615.5,1349.2,4827.5,14861.1,7913.6,8699.6,6143.7,9214.9,5710.0,15216.0,5556.4,1037.0,7380.8,1516.8,11952.0,8161.2,7321.7,9432.0,15157.6,16154.2,963.6,0.0,395.9
ZW,5470.2,2167.4,8167.5,7238.4,10420.9,8069.1,7811.6,4865.3,5804.4,9050.0,7488.5,915.6,12514.1,2210.9,7530.7,4947.7,9409.9,3194.7,10487.0,10543.4,11729.9,12091.3,7498.5,7885.7,3453.3,8393.4,6583.5,11301.1,5357.3,7426.1,3264.8,8424.9,14173.6,7897.8,8283.5,4587.5,6037.8,12911.3,7368.6,8392.0,7232.2,5866.7,6059.1,9528.8,6582.6,5423.0,12447.4,1946.0,9051.2,12165.1,5777.6,9181.2,5557.0,7273.1,1712.4,10659.3,6345.0,14658.4,8378.5,831.8,1441.3,4132.2,8189.8,8933.3,7718.8,12463.3,5412.9,11465.4,10658.2,13061.4,9979.7,7006.7,7691.0,7416.0,5615.5,6832.3,7095.2,8163.1,1817.4,5333.4,14139.9,8508.3,8290.9,6590.6,8909.4,6676.0,14381.8,5995.5,1517.4,7310.1,1948.8,12538.6,8175.4,7542.1,9040.9,14167.1,15996.1,925.5,395.9,0.0
