aggregation,algorithm,place_id,aligned_x,aligned_y,inferred_lat,inferred_lon,displacement_km
mean,spherical,AO,12.771382269148376,10.264050174944355,-10.264050174944355,12.771382269148383,166.61106029974735
mean,spherical,AR,-56.87252645017037,32.80594286231514,-32.80594286231514,-56.87252645017039,244.4768183400409
mean,spherical,AU,146.84800087163165,37.00064317455961,-37.00064317455961,146.84800087163165,280.0390052868561
mean,spherical,BD,90.37200645319763,-24.50426561300778,24.50426561300778,90.37200645319764,86.72107326183452
mean,spherical,BR,-46.10259875952892,15.721040848082746,-15.721040848082746,-46.10259875952889,194.39864547410295
mean,spherical,CA,-74.75760108035657,-45.225562269129355,45.225562269129355,-74.75760108035655,76.89103963039373
mean,spherical,CD,14.994853350096633,4.686741978205082,-4.686741978205082,14.994853350096628,53.2650490789116
mean,spherical,CL,-67.42328863640721,34.11067111504348,-34.11067111504348,-67.42328863640722,308.8790471914959
mean,spherical,CN,115.49803144152213,-39.81416654530193,39.81416654530193,115.4980314415221,76.90928322241675
mean,spherical,CO,-70.78374008563783,-3.1477560498324317,3.1477560498324317,-70.78374008563785,400.21233787828913
mean,spherical,DE,13.765086255796973,-52.072944176562544,52.072944176562544,13.765086255796952,55.9516818943405
mean,spherical,DZ,2.450447582505433,-36.133796156611815,36.133796156611815,2.4504475825054213,88.25339940146803
mean,spherical,EG,31.90541039169267,-30.138575630102473,30.138575630102473,31.905410391692662,63.97414628663028
mean,spherical,ES,-3.3989979778249335,-40.50032797757001,40.50032797757001,-3.3989979778249495,26.579572299920386
mean,spherical,ET,37.44432878133108,-8.243758301016202,8.243758301016202,37.44432878133108,163.52905642951353
mean,spherical,FI,24.775725312839086,-60.547676366216784,60.547676366216784,24.775725312839057,42.05020932951183
mean,spherical,FJ,178.22539100502456,18.194564062587308,-18.194564062587308,178.2253910050246,23.85737877242222
mean,spherical,FR,2.6250924423746085,-48.920467217698274,48.920467217698274,2.6250924423746205,22.23103730125743
mean,spherical,GB,-0.023021455419524273,-51.8134185023167,51.8134185023167,-0.02302145541951085,35.25758124576226
mean,spherical,GH,-0.4609794037970687,-7.216720213808432,7.216720213808432,-0.4609794037970635,187.03740016480063
mean,spherical,GR,23.45011161679423,-37.527215253055644,37.527215253055644,23.450111616794256,56.618398610164796
mean,spherical,IN,77.63706357436098,-28.407135355616997,28.407135355616997,77.63706357436101,47.79328482763248
mean,spherical,IT,12.819384916105037,-41.88870675783274,41.88870675783274,12.81938491610505,28.00169940070291
mean,spherical,JP,139.22411512502435,-36.1241950643454,36.1241950643454,139.22411512502438,67.84165526435831
mean,spherical,KE,35.247135006292694,1.0854921016229793,-1.0854921016229793,35.2471350062927,175.62572552869895
mean,spherical,KR,126.1369832609264,-37.44924418977434,37.44924418977434,126.13698326092639,77.0734695164783
mean,spherical,MA,-6.518047598320237,-34.71159022708078,34.71159022708078,-6.51804759832024,81.71418109812704
mean,spherical,MX,-96.94863489845355,-19.194446367889952,19.194446367889952,-96.94863489845353,230.88334951243635
mean,spherical,MY,101.39310047850574,-3.3775128737538282,3.3775128737538282,101.39310047850577,41.05533124435488
mean,spherical,NG,6.911326284691569,-9.368790879476785,9.368790879476785,6.911326284691552,75.00205153398636
mean,spherical,NL,5.365343687633583,-52.46677209146889,52.46677209146889,5.365343687633598,33.12861188868166
mean,spherical,NO,11.030691130132197,-59.4546701757753,59.4546701757753,11.03069113013221,53.974493339982786
mean,spherical,NZ,172.6571167961353,42.83007193107231,-42.83007193107231,172.6571167961353,244.42519136683984
mean,spherical,PE,-75.92068474576985,11.301492999191744,-11.301492999191744,-75.92068474576983,148.4302882072623
mean,spherical,PH,120.42989409311969,-16.18188151526706,16.18188151526706,120.42989409311967,184.88565935104805
mean,spherical,PK,71.5813677482559,-31.15470856151645,31.15470856151645,71.5813677482559,319.84276418080884
mean,spherical,PL,20.304111742073104,-51.95327922900494,51.95327922900494,20.304111742073115,57.87387627131345
mean,spherical,PT,-7.988406455101028,-38.853084680173545,38.853084680173545,-7.988406455101013,101.4110010632991
mean,spherical,RU,37.919703443926664,-55.08327098227235,55.08327098227235,37.919703443926664,77.05517417052353
mean,spherical,SA,46.33257727621853,-24.83704278832379,24.83704278832379,46.332577276218544,49.24575886802812
mean,spherical,SE,16.99525972087929,-59.23451396152327,59.23451396152327,16.995259720879293,63.832679123492085
mean,spherical,SG,103.5006282393964,-1.9911631927452162,1.9911631927452162,103.5006282393964,86.79996337421595
mean,spherical,SN,-17.104191655984664,-15.222456732075031,15.222456732075031,-17.10419165598466,68.82213485413668
mean,spherical,TH,100.48068617179763,-13.98264147550388,13.98264147550388,100.48068617179763,25.913769434479832
mean,spherical,TR,32.64234324605454,-39.55838071668986,39.55838071668986,32.642343246054544,45.32297743671528
mean,spherical,TZ,34.253532152700785,5.088302663250023,-5.088302663250023,34.2535321527008,205.53929040431277
mean,spherical,UA,29.99180329736629,-49.8982024476909,49.8982024476909,29.991803297366307,70.38419040021975
mean,spherical,US,-76.15840306640324,-38.9002713060941,38.9002713060941,-76.15840306640322,73.81145625924847
mean,spherical,VN,106.03292623584844,-21.368827484277432,21.368827484277432,106.03292623584844,41.74799783205079
mean,spherical,ZA,26.780321650314676,26.35073886781751,-26.35073886781751,26.780321650314672,161.44287979652876
mean,classical,AO,10.204215597395187,-14.456237108132015,,,
mean,classical,AR,-39.518475379278705,50.791258541943904,,,
mean,classical,AU,105.73924488075767,68.45985456257308,,,
mean,classical,BD,89.47838909352183,-42.36507478003054,,,
mean,classical,BR,-43.14352662972089,25.87810365290937,,,
mean,classical,CA,-7.698639698517198,-2.841970456984434,,,
mean,classical,CD,10.49071487101056,-23.58613559612072,,,
mean,classical,CL,-32.28119983035203,61.34524515848895,,,
mean,classical,CN,93.88570884342033,-35.621605535248925,,,
mean,classical,CO,-44.811100951095106,30.67093456244631,,,
mean,classical,DE,15.648762383699601,-51.78522942202751,,,
mean,classical,DZ,-1.0057154201389338,-52.67118995417937,,,
mean,classical,EG,27.440554789284512,-50.46801450187952,,,
mean,classical,ES,-3.3950022831173428,-52.31605770232749,,,
mean,classical,ET,34.832616670954394,-36.33598050203803,,,
mean,classical,FI,26.212817127800676,-47.31344152725259,,,
mean,classical,FJ,98.23411753639456,86.09700921310599,,,
mean,classical,FR,6.217101754463766,-51.71735186242175,,,
mean,classical,GB,6.46334858186739,-50.132526689106484,,,
mean,classical,GH,-8.173830095135735,-32.66858896335425,,,
mean,classical,GR,19.008050654362197,-50.86077327577841,,,
mean,classical,IN,76.58033419201243,-44.18470348508089,,,
mean,classical,IT,11.082836449138753,-52.64461848219547,,,
mean,classical,JP,96.24092119682263,-14.292914636765936,,,
mean,classical,KE,32.321796526558806,-32.93904092394791,,,
mean,classical,KR,97.93449097937307,-27.645512836636854,,,
mean,classical,MA,-7.824109863059775,-49.614934093722425,,,
mean,classical,MX,-11.685398276021623,36.969215836278224,,,
mean,classical,MY,107.5564854027613,-26.87796392093961,,,
mean,classical,NG,-0.18720905885391304,-34.069410286441794,,,
mean,classical,NL,10.277083063682543,-50.95365893537168,,,
mean,classical,NO,17.707829393921955,-47.095992931492994,,,
mean,classical,NZ,95.04897725894477,103.06264445973122,,,
mean,classical,PE,-46.121025713684936,51.619008551630856,,,
mean,classical,PH,113.46247424815422,-23.283874910472036,,,
mean,classical,PK,69.6952058363498,-48.12843217142178,,,
mean,classical,PL,20.11179196450788,-50.72039915209889,,,
mean,classical,PT,-6.396252997426416,-50.53572769564339,,,
mean,classical,RU,34.09914315544481,-50.3209625791165,,,
mean,classical,SA,43.89499355135449,-46.15333038748341,,,
mean,classical,SE,20.699993606643012,-47.92467426798663,,,
mean,classical,SG,108.60901819119289,-24.047032775617733,,,
mean,classical,SN,-22.644918429668586,-31.67098812407899,,,
mean,classical,TH,103.05264248797198,-33.772068616399594,,,
mean,classical,TR,28.083799275935306,-50.582917141365144,,,
mean,classical,TZ,31.765459477255813,-25.67081279724136,,,
mean,classical,UA,26.81106505350454,-50.89530532330689,,,
mean,classical,US,-12.56597593010158,2.557191601419426,,,
mean,classical,VN,103.1726820336853,-34.30200701938658,,,
mean,classical,ZA,26.347918426024393,-4.440739769430483,,,
mean,metric,AO,14.164438269924219,13.25030805836052,,,
mean,metric,AR,-38.02168471218955,59.952617556782414,,,
mean,metric,AU,120.22045597462176,62.647113711475484,,,
mean,metric,BD,91.21705313107707,-38.761547375711714,,,
mean,metric,BR,-41.28875764312813,33.129033653818325,,,
mean,metric,CA,-45.73392964584158,-41.68389931478117,,,
mean,metric,CD,15.415802514175954,5.988317833929514,,,
mean,metric,CL,-37.92215034573157,66.01852092005905,,,
mean,metric,CN,98.16502086339585,-56.0164131657407,,,
mean,metric,CO,-61.48834003490425,16.188860146099803,,,
mean,metric,DE,15.945871303149305,-58.90624779276487,,,
mean,metric,DZ,2.631474330785938,-44.36984060846426,,,
mean,metric,EG,32.25678439325693,-39.08991614416385,,,
mean,metric,ES,-1.1774455200476588,-49.7319932439288,,,
mean,metric,ET,41.2056484393812,-12.543817544875408,,,
mean,metric,FI,25.360786749969538,-64.79655814142913,,,
mean,metric,FJ,115.54128169737729,79.24340103190433,,,
mean,metric,FR,6.642981830042473,-56.67924813697665,,,
mean,metric,GB,5.8663395057591465,-59.03032552800397,,,
mean,metric,GH,-4.095010466915369,-9.883951966832896,,,
mean,metric,GR,23.101320181915472,-44.752278881300086,,,
mean,metric,IN,76.93107803910445,-43.20238838809485,,,
mean,metric,IT,13.129291226125485,-49.841789141382435,,,
mean,metric,JP,114.14481098851982,-53.62873091695431,,,
mean,metric,KE,39.815865682939425,-0.35125738838513954,,,
mean,metric,KR,106.1698245757701,-54.49287438985762,,,
mean,metric,MA,-5.776781151964862,-43.71652959577858,,,
mean,metric,MX,-68.982416332669,1.5643923402177933,,,
mean,metric,MY,111.45438003457045,-13.556164888341486,,,
mean,metric,NG,4.518087223191014,-12.084766047343338,,,
mean,metric,NL,9.920242751423014,-59.323717645685804,,,
mean,metric,NO,16.42471495426684,-63.9155082085647,,,
mean,metric,NZ,99.70446341692073,94.73476956682822,,,
mean,metric,PE,-59.53150436961506,41.39783617537162,,,
mean,metric,PH,120.4575790676407,-27.491002356680685,,,
mean,metric,PK,70.37009052912143,-45.80272919949461,,,
mean,metric,PL,21.097334277863013,-58.55763302826945,,,
mean,metric,PT,-5.553715993840363,-48.43484371555657,,,
mean,metric,RU,34.19450596540403,-61.93804860978031,,,
mean,metric,SA,48.20387784715601,-35.42992361275742,,,
mean,metric,SE,20.19838458948797,-64.17708986200881,,,
mean,metric,SG,113.62803299999192,-11.797979560966573,,,
mean,metric,SN,-20.567260679828728,-21.048868920449724,,,
mean,metric,TH,106.035057649577,-25.620471383304512,,,
mean,metric,TR,32.09179290121292,-47.94459855843982,,,
mean,metric,TZ,38.96142831193612,5.018211915962457,,,
mean,metric,UA,28.860646884662263,-57.16961461770093,,,
mean,metric,US,-51.232915830145934,-32.75516592296225,,,
mean,metric,VN,106.1362495061932,-33.19054018242314,,,
mean,metric,ZA,32.1491181189125,32.1271560753473,,,
mean,nonmetric,AO,14.704620140942833,11.33775494384367,,,
mean,nonmetric,AR,-30.687993109120875,61.79377995149905,,,
mean,nonmetric,AU,113.9707143037692,63.82995567689524,,,
mean,nonmetric,BD,91.32205688027307,-38.65071203850886,,,
mean,nonmetric,BR,-36.46593982422899,36.14915516795239,,,
mean,nonmetric,CA,-48.68297271849304,-39.38722859383446,,,
mean,nonmetric,CD,14.356440904202532,3.491762304331381,,,
mean,nonmetric,CL,-32.221381437763256,66.08664269481531,,,
mean,nonmetric,CN,100.1768598740966,-53.27904639674311,,,
mean,nonmetric,CO,-58.741443633836646,19.72570955643418,,,
mean,nonmetric,DE,15.494905997321066,-60.925638565383764,,,
mean,nonmetric,DZ,2.0518437096730544,-45.38276932630616,,,
mean,nonmetric,EG,31.621180604214487,-43.22376040914205,,,
mean,nonmetric,ES,-1.0234468651585615,-50.595837122908605,,,
mean,nonmetric,ET,40.16418587022675,-15.618457448082014,,,
mean,nonmetric,FI,24.350099247129858,-67.12187540502929,,,
mean,nonmetric,FJ,105.59640398195788,79.16647822765145,,,
mean,nonmetric,FR,5.592488713403977,-58.09420288635552,,,
mean,nonmetric,GB,4.841365640316848,-59.880824039775575,,,
mean,nonmetric,GH,-4.212682215609114,-11.816598032944132,,,
mean,nonmetric,GR,23.142630530683554,-48.330577759128445,,,
mean,nonmetric,IN,76.98626988287214,-45.74153915690235,,,
mean,nonmetric,IT,12.751966389735873,-52.21110328802945,,,
mean,nonmetric,JP,117.98180368270383,-45.929479208733454,,,
mean,nonmetric,KE,39.06140348551325,-2.71188133687145,,,
mean,nonmetric,KR,108.77790314729299,-47.69834542027546,,,
mean,nonmetric,MA,-5.109677075286996,-44.026035114019045,,,
mean,nonmetric,MX,-68.39859924277076,8.905423776800951,,,
mean,nonmetric,MY,110.95768048143051,-9.350555559064697,,,
mean,nonmetric,NG,4.639835318699028,-14.87005164370882,,,
mean,nonmetric,NL,9.35980100696532,-61.10082364966513,,,
mean,nonmetric,NO,15.822672601749602,-65.72026851134709,,,
mean,nonmetric,NZ,92.22643987150155,89.95163273930537,,,
mean,nonmetric,PE,-51.458034388534536,46.17684615515107,,,
mean,nonmetric,PH,120.10590058878117,-21.00911066074262,,,
mean,nonmetric,PK,71.15579115233047,-48.53860333606313,,,
mean,nonmetric,PL,20.395225001263327,-60.421094057584284,,,
mean,nonmetric,PT,-5.423145956600244,-48.156696347343825,,,
mean,nonmetric,RU,34.38733194868326,-64.47147724110347,,,
mean,nonmetric,SA,47.6314609705305,-39.41923083215851,,,
mean,nonmetric,SE,19.922527857931268,-66.07754874437735,,,
mean,nonmetric,SG,112.28477180171623,-7.602413373141269,,,
mean,nonmetric,SN,-19.34711523166046,-21.433187769147747,,,
mean,nonmetric,TH,105.5255039609012,-23.229118422288668,,,
mean,nonmetric,TR,31.772344541409318,-51.14099320377547,,,
mean,nonmetric,TZ,39.294411622545496,2.3526007876327135,,,
mean,nonmetric,UA,28.572191410761352,-58.86649145649042,,,
mean,nonmetric,US,-53.1266093968431,-29.7321436881114,,,
mean,nonmetric,VN,106.15398617790473,-30.395700188652466,,,
mean,nonmetric,ZA,32.70622579447296,32.73594325142709,,,
median,spherical,AO,12.720761378498679,10.332558174160615,-10.332558174160615,12.720761378498679,175.5773725255931
median,spherical,AR,-56.36700307309428,32.936637091790885,-32.936637091790885,-56.367003073094274,263.66891141414914
median,spherical,AU,146.90431392328696,37.08131965316653,-37.08131965316653,146.90431392328696,282.5629623299338
median,spherical,BD,90.08147199739727,-24.42917925535962,24.42917925535962,90.08147199739729,84.97451888695598
median,spherical,BR,-46.05637148812275,15.813776589759154,-15.813776589759154,-46.05637148812276,199.2169605597954
median,spherical,CA,-74.72800563801606,-45.177481651230934,45.177481651230934,-74.72800563801607,80.760869875917
median,spherical,CD,15.118825543640952,4.602771767712857,-4.602771767712857,15.118825543640957,37.39639800024656
median,spherical,CL,-67.5072573354448,34.12474906499932,-34.12474906499932,-67.50725733544482,301.71219559235635
median,spherical,CN,115.4562663291942,-39.70217410460221,39.70217410460221,115.45626632919416,83.40607688336203
median,spherical,CO,-70.78910470623903,-3.1050083972319875,3.1050083972319875,-70.78910470623902,401.61753194133775
median,spherical,DE,13.819773164961049,-52.000715352460546,52.000715352460546,13.819773164961031,64.80980677635816
median,spherical,DZ,2.5270072717417236,-36.083709687637864,36.083709687637864,2.527007271741714,88.97790440055945
median,spherical,EG,31.772760125510757,-30.0937201930284,30.0937201930284,31.77276012551076,50.70756055300112
median,spherical,ES,-3.4729922542781537,-40.480799624993146,40.480799624993146,-3.4729922542781613,19.99091853644132
median,spherical,ET,37.576183765921286,-8.250304894015223,8.250304894015223,37.576183765921286,151.09070474312952
median,spherical,FI,24.726370090773514,-60.5870957993918,60.5870957993918,24.72637009077353,46.92730141307825
median,spherical,FJ,178.52597133063125,17.862952346921716,-17.862952346921716,178.52597133063125,31.32406065700048
median,spherical,FR,2.6223256643143884,-48.92277968382255,48.92277968382255,2.6223256643143813,22.103918251867032
median,spherical,GB,-0.011725122536802246,-51.82173095806667,51.82173095806667,-0.011725122536795965,36.316069209375875
median,spherical,GH,-0.4794821519541017,-7.202143982974078,7.202143982974078,-0.4794821519541138,185.73975629958542
median,spherical,GR,23.34340342672806,-37.37154368275641,37.37154368275641,23.34340342672806,76.30823782124843
median,spherical,IN,77.56588896705875,-28.35907089291225,28.35907089291225,77.56588896705877,44.68645168748167
median,spherical,IT,12.762163393281412,-41.92192943055071,41.92192943055071,12.762163393281414,23.393686631944973
median,spherical,JP,139.18052594745046,-36.13667797926022,36.13667797926022,139.18052594745046,71.59533368101354
median,spherical,KE,35.211769126203194,1.0922814547713542,-1.0922814547713542,35.2117691262032,179.43744489145908
median,spherical,KR,126.05275784268656,-37.42066440624848,37.42066440624848,126.05275784268655,84.9739290367698
median,spherical,MA,-6.5935031023313115,-34.71349279506685,34.71349279506685,-6.593503102331293,79.70428174150959
median,spherical,MX,-96.76261344216383,-19.19006030338558,19.19006030338558,-96.76261344216381,250.32983246486373
median,spherical,MY,101.31770399859556,-3.2723990489648966,3.2723990489648966,101.31770399859556,43.77307958913741
median,spherical,NG,6.865738157983344,-9.34996690601905,9.34996690601905,6.865738157983332,78.76594765341274
median,spherical,NL,5.468244626705257,-52.383426120018264,52.383426120018264,5.468244626705255,37.7461169038743
median,spherical,NO,10.982081828197153,-59.43483390788799,59.43483390788799,10.982081828197146,55.37770389028714
median,spherical,NZ,172.66010723488466,43.09038814512227,-43.09038814512227,172.66010723488463,264.9834462049407
median,spherical,PE,-75.80224724513343,11.427743562153523,-11.427743562153523,-75.80224724513343,152.44586764501946
median,spherical,PH,120.2662902385569,-16.02522444263456,16.02522444263456,120.26629023855688,175.39496009225064
median,spherical,PK,71.61403012645007,-31.33211279064163,31.33211279064163,71.61403012645007,300.9515949404257
median,spherical,PL,20.303334707034395,-51.9238332415335,51.9238332415335,20.303334707034406,59.867340367684896
median,spherical,PT,-8.384491699535744,-39.34761766532872,39.34761766532872,-8.384491699535722,95.56777648244586
median,spherical,RU,38.10314428634857,-55.090578503007436,55.090578503007436,38.10314428634857,79.98805457927293
median,spherical,SA,46.3104213809288,-24.990488492859267,24.990488492859267,46.310421380928815,60.44648734192932
median,spherical,SE,17.17186238766118,-59.175195572744165,59.175195572744165,17.171862387661164,56.072342943878134
median,spherical,SG,103.51931844546203,-2.004681584004088,2.004681584004088,103.51931844546205,87.23759918615603
median,spherical,SN,-17.006236625443478,-15.135193157404524,15.135193157404524,-17.006236625443492,68.49660227781864
median,spherical,TH,100.37467533510664,-14.013672276804808,14.013672276804808,100.37467533510663,32.79387974849022
median,spherical,TR,32.726502686685734,-39.69350906748504,39.69350906748504,32.72650268668571,28.663185793484626
median,spherical,TZ,34.34760508310109,5.1535011117616,-5.1535011117616,34.3476050831011,192.85148240747517
median,spherical,UA,30.009191395342185,-49.89501604749495,49.89501604749495,30.00919139534218,70.04109795630467
median,spherical,US,-76.14013529378245,-38.78508352875358,38.78508352875358,-76.14013529378244,76.55549085093108
median,spherical,VN,105.97050175529142,-21.255021169431917,21.255021169431917,105.97050175529142,27.53704009017468
median,spherical,ZA,26.543221654070493,26.439240034476278,-26.439240034476278,26.543221654070493,186.98788403899215
median,classical,AO,10.157111541682777,-14.393686802185885,,,
median,classical,AR,-39.010548550865046,50.25921262607238,,,
median,classical,AU,105.7229067564848,68.86773068446628,,,
median,classical,BD,89.27987591801264,-42.22853388299718,,,
median,classical,BR,-43.17325924358665,25.861615109555228,,,
median,classical,CA,-7.8812944393231845,-2.9562234371024054,,,
median,classical,CD,10.814638507950804,-23.364739586720123,,,
median,classical,CL,-32.55033208346228,61.64209003633134,,,
median,classical,CN,94.14068321481041,-35.88971195107851,,,
median,classical,CO,-45.14829234483235,30.84531918599485,,,
median,classical,DE,15.634654157705347,-51.94514897785895,,,
median,classical,DZ,-1.1202968470027095,-53.300903358464225,,,
median,classical,EG,27.301426718451808,-50.69122793512038,,,
median,classical,ES,-3.507177832925592,-52.571685453055295,,,
median,classical,ET,35.11114606695671,-36.17609925818829,,,
median,classical,FI,26.15251755271375,-47.4466092181554,,,
median,classical,FJ,97.6232134256926,85.79882321492695,,,
median,classical,FR,6.1587628850242275,-51.902679289767114,,,
median,classical,GB,6.397356253104942,-50.339182569102434,,,
median,classical,GH,-8.19653072614227,-32.55280495929587,,,
median,classical,GR,18.754890798299314,-50.97609935539896,,,
median,classical,IN,76.70355788616848,-44.16667245974108,,,
median,classical,IT,10.955692934584956,-53.20552535202293,,,
median,classical,JP,96.2369917252355,-14.335043473162628,,,
median,classical,KE,32.33451174679461,-33.30689050478355,,,
median,classical,KR,97.99123936697254,-27.651163173985747,,,
median,classical,MA,-7.765227393860471,-49.25902284307035,,,
median,classical,MX,-11.968492437646667,36.762340227834855,,,
median,classical,MY,107.83173896668248,-27.021411571472427,,,
median,classical,NG,-0.2813214041914911,-33.88035617256914,,,
median,classical,NL,10.216922704047256,-51.14814132778112,,,
median,classical,NO,17.57332617581283,-47.369215469349626,,,
median,classical,NZ,94.8706410808112,103.23573740495904,,,
median,classical,PE,-45.92528580557386,51.89405481879896,,,
median,classical,PH,113.47535573710925,-23.15275439748706,,,
median,classical,PK,69.67984048372836,-47.949430211251325,,,
median,classical,PL,20.07916272218957,-50.803692753629555,,,
median,classical,PT,-5.625966084399991,-48.74851134439304,,,
median,classical,RU,34.32662372216347,-50.191887213546025,,,
median,classical,SA,43.81444888094898,-46.5162050981171,,,
median,classical,SE,20.73836072634967,-48.385624284564855,,,
median,classical,SG,108.97192382112593,-24.194960658780666,,,
median,classical,SN,-22.234571623000534,-31.141973868916523,,,
median,classical,TH,103.08408096000889,-33.857717724555684,,,
median,classical,TR,28.11660493115103,-50.79305351536522,,,
median,classical,TZ,32.05323256761351,-25.085694571225883,,,
median,classical,UA,26.85888282699066,-50.933519866812176,,,
median,classical,US,-12.883032453976853,2.34207708636745,,,
median,classical,VN,102.91886973366994,-33.94496988000699,,,
median,classical,ZA,26.150639773741243,-4.187961624225345,,,
median,metric,AO,14.136635798097394,13.244064848357883,,,
median,metric,AR,-37.631221052238324,59.81048041475381,,,
median,metric,AU,119.97549608142486,62.87273008583314,,,
median,metric,BD,91.01906266354797,-38.770318361078736,,,
median,metric,BR,-41.243971505275844,33.17373482102923,,,
median,metric,CA,-45.766733350971556,-41.51818093415906,,,
median,metric,CD,15.594027647164118,5.788829578876591,,,
median,metric,CL,-37.81470582881108,66.16997260911418,,,
median,metric,CN,98.25286882287207,-56.026564199160674,,,
median,metric,CO,-61.40225592131362,16.292095845237665,,,
median,metric,DE,15.940520319684165,-58.92901235478057,,,
median,metric,DZ,2.6880444433485025,-44.50674840027051,,,
median,metric,EG,32.147778761136486,-39.24414325686459,,,
median,metric,ES,-1.2737377111886552,-49.845434372513814,,,
median,metric,ET,41.38667690645967,-12.663501973205232,,,
median,metric,FI,25.317283933181123,-64.85390261739875,,,
median,metric,FJ,114.79517717656287,79.37789973769466,,,
median,metric,FR,6.605346550872721,-56.74764765452457,,,
median,metric,GB,5.823445738490388,-59.10400308476673,,,
median,metric,GH,-4.055598262494414,-9.91882562657066,,,
median,metric,GR,23.06684261514633,-44.780204442382185,,,
median,metric,IN,76.90359501915927,-43.20569836607395,,,
median,metric,IT,13.065462215616524,-50.132965957343885,,,
median,metric,JP,114.18701175313245,-53.47865898720791,,,
median,metric,KE,39.83938929048862,-0.49472836013408994,,,
median,metric,KR,106.20589147632245,-54.381028092235056,,,
median,metric,MA,-5.777369529567885,-43.59686535304818,,,
median,metric,MX,-68.81251860441967,1.7653887898902916,,,
median,metric,MY,111.49966854536177,-13.598603075896804,,,
median,metric,NG,4.5239147742642025,-12.115135161550885,,,
median,metric,NL,9.928180689082918,-59.307460713860536,,,
median,metric,NO,16.352878406228957,-64.02582464306059,,,
median,metric,NZ,99.28936111636654,94.77429326229176,,,
median,metric,PE,-59.11884146576703,41.62317935781583,,,
median,metric,PH,120.46233079208659,-27.385772387698328,,,
median,metric,PK,70.32027229887396,-45.8115449226928,,,
median,metric,PL,21.069964106998256,-58.58825628037191,,,
median,metric,PT,-5.40254880536795,-47.94643872263697,,,
median,metric,RU,34.31986831269733,-61.88367684758133,,,
median,metric,SA,48.1857182307573,-35.781343704307034,,,
median,metric,SE,20.239683648075605,-64.31265024444137,,,
median,metric,SG,113.67340373794784,-11.822309817986275,,,
median,metric,SN,-20.358550304423822,-20.912853536421096,,,
median,metric,TH,105.9432006464221,-25.61425856986256,,,
median,metric,TR,32.16330443562525,-48.24024273466786,,,
median,metric,TZ,39.117609137966156,4.9715124097916075,,,
median,metric,UA,28.85285821559311,-57.237072075022525,,,
median,metric,US,-51.33926183087281,-32.623661947254135,,,
median,metric,VN,106.1660529449581,-33.07058828004596,,,
median,metric,ZA,31.898690920699156,32.154209298391834,,,
median,nonmetric,AO,14.101571407409615,10.57324809680268,,,
median,nonmetric,AR,-30.820050845428085,61.16722783140774,,,
median,nonmetric,AU,113.26400534107495,64.15122874338526,,,
median,nonmetric,BD,90.89470938510141,-39.196756506130896,,,
median,nonmetric,BR,-36.368318949857475,35.9782962331459,,,
median,nonmetric,CA,-48.42024990529834,-39.39395866587736,,,
median,nonmetric,CD,14.729935876312162,3.075018012591862,,,
median,nonmetric,CL,-31.275815308955465,66.62099536454888,,,
median,nonmetric,CN,100.02540528392242,-53.45684397384126,,,
median,nonmetric,CO,-58.22485451259329,20.589619654844864,,,
median,nonmetric,DE,15.47369463267024,-61.05627014961257,,,
median,nonmetric,DZ,2.3450060654118126,-45.68056166067892,,,
median,nonmetric,EG,31.874177203420018,-43.275902504036026,,,
median,nonmetric,ES,-1.0074477335419836,-50.26175203172085,,,
median,nonmetric,ET,40.12099845089625,-15.650993785198043,,,
median,nonmetric,FI,24.366910714722287,-67.39808705923733,,,
median,nonmetric,FJ,103.31267719836214,79.63543611675868,,,
median,nonmetric,FR,5.755982906084647,-58.269119279057335,,,
median,nonmetric,GB,4.813050272436815,-60.147604858108025,,,
median,nonmetric,GH,-4.165703826923682,-11.799212827359225,,,
median,nonmetric,GR,23.51000034860208,-48.52514277420133,,,
median,nonmetric,IN,77.11108567072912,-45.371873233809495,,,
median,nonmetric,IT,12.898143543608015,-52.30267702123672,,,
median,nonmetric,JP,117.95473195489467,-45.371014764900565,,,
median,nonmetric,KE,39.230576258982396,-3.286438118324252,,,
median,nonmetric,KR,108.62399540464097,-47.44285249310344,,,
median,nonmetric,MA,-5.19177469478295,-44.125189790496634,,,
median,nonmetric,MX,-68.36359196114384,9.54744981148292,,,
median,nonmetric,MY,111.02095580830257,-9.41721259598932,,,
median,nonmetric,NG,4.752830046936168,-15.248333126447346,,,
median,nonmetric,NL,9.431442852019362,-61.25910880298527,,,
median,nonmetric,NO,15.640511246426057,-65.34538920014616,,,
median,nonmetric,NZ,91.87112844275896,89.65247123505303,,,
median,nonmetric,PE,-50.50553847833768,46.66829485929277,,,
median,nonmetric,PH,120.3398249597659,-20.538760341591214,,,
median,nonmetric,PK,70.99982123666565,-47.94029785686865,,,
median,nonmetric,PL,20.46402592802344,-60.37726104085941,,,
median,nonmetric,PT,-5.695792215808112,-47.513349925810274,,,
median,nonmetric,RU,34.32712050893792,-64.26842318494963,,,
median,nonmetric,SA,47.47036536974761,-39.61620682634361,,,
median,nonmetric,SE,19.576544004027628,-65.99842416803577,,,
median,nonmetric,SG,112.72560129809065,-7.462094585931952,,,
median,nonmetric,SN,-19.456450704414443,-21.924574751194523,,,
median,nonmetric,TH,105.47783942850788,-23.587756677141545,,,
median,nonmetric,TR,32.20005575337937,-51.71229556356319,,,
median,nonmetric,TZ,39.43689491231367,1.6926433891692696,,,
median,nonmetric,UA,28.628396566495187,-58.839817716554876,,,
median,nonmetric,US,-53.01525753104654,-28.921802337148325,,,
median,nonmetric,VN,106.61724780178449,-30.24939861567985,,,
median,nonmetric,ZA,32.083786584667855,32.42309446568758,,,
trimmed_mean,spherical,AO,12.787403019124298,10.279388470524006,-10.279388470524006,12.787403019124287,167.7170793697822
trimmed_mean,spherical,AR,-56.81452698124076,32.78775305770887,-32.78775305770887,-56.81452698124076,249.25659937647563
trimmed_mean,spherical,AU,146.88784989924955,37.028304789815024,-37.028304789815024,146.88784989924955,279.5335649139213
trimmed_mean,spherical,BD,90.31114711828377,-24.50888423345589,24.50888423345589,90.31114711828374,87.70045523184639
trimmed_mean,spherical,BR,-46.12554521030023,15.695333402239731,-15.695333402239731,-46.12554521030022,192.07772781029905
trimmed_mean,spherical,CA,-74.721799029242,-45.20468832771428,45.20468832771428,-74.721799029242,80.25338325667555
trimmed_mean,spherical,CD,14.99908750014913,4.6557100600750205,-4.6557100600750205,14.99908750014911,50.40609998043376
trimmed_mean,spherical,CL,-67.44426002842702,34.10486129028317,-34.10486129028317,-67.44426002842701,306.85283091791365
trimmed_mean,spherical,CN,115.45469891265373,-39.79674155290049,39.79674155290049,115.45469891265373,80.90117815392684
trimmed_mean,spherical,CO,-70.80686494707852,-3.1474626763226414,3.1474626763226414,-70.80686494707851,397.8791296019019
trimmed_mean,spherical,DE,13.779975965099766,-52.0590401152903,52.0590401152903,13.77997596509976,57.78881858662229
trimmed_mean,spherical,DZ,2.457572881177356,-36.12106540767944,36.12106540767944,2.4575728811773456,89.00591126350946
trimmed_mean,spherical,EG,31.849476189805557,-30.107679428120782,30.107679428120782,31.84947618980557,58.20334624016026
trimmed_mean,spherical,ES,-3.4384926098945527,-40.50093620273178,40.50093620273178,-3.4384926098945576,23.605256734214443
trimmed_mean,spherical,ET,37.47485124736741,-8.236576564777087,8.236576564777087,37.47485124736741,161.15096260811697
trimmed_mean,spherical,FI,24.775024088251996,-60.57664538080168,60.57664538080168,24.775024088252017,45.21470639055185
trimmed_mean,spherical,FJ,178.27436870271805,18.125245827059913,-18.125245827059913,178.27436870271805,17.704584693912597
trimmed_mean,spherical,FR,2.62325328293295,-48.92832371947227,48.92832371947227,2.6232532829329385,22.343327974914924
trimmed_mean,spherical,GB,-0.022535623548264994,-51.814558467840484,51.814558467840484,-0.022535623548246696,35.388357385928465
trimmed_mean,spherical,GH,-0.4720813838286517,-7.209845421095517,7.209845421095517,-0.4720813838286478,186.46118600383025
trimmed_mean,spherical,GR,23.44288089609364,-37.51825211841858,37.51825211841858,23.442880896093616,57.793431725639614
trimmed_mean,spherical,IN,77.62103489968291,-28.37343259061662,28.37343259061662,77.62103489968291,48.25143415530357
trimmed_mean,spherical,IT,12.833747337143365,-41.88556198802853,41.88556198802853,12.833747337143372,29.204806445792
trimmed_mean,spherical,JP,139.21870843767954,-36.12290520271076,36.12290520271076,139.21870843767957,68.08024943117583
trimmed_mean,spherical,KE,35.23160222776539,1.0736248752186974,-1.0736248752186974,35.23160222776539,177.50660667650627
trimmed_mean,spherical,KR,126.14917967166787,-37.43680411317825,37.43680411317825,126.14917967166784,76.27306470713108
trimmed_mean,spherical,MA,-6.518876614385164,-34.70984920434985,34.70984920434985,-6.518876614385164,81.50628915438048
trimmed_mean,spherical,MX,-96.91885473650345,-19.200381752087736,19.200381752087736,-96.91885473650346,233.90414903809307
trimmed_mean,spherical,MY,101.37762571725739,-3.356020546888943,3.356020546888943,101.37762571725737,41.22516024481647
trimmed_mean,spherical,NG,6.892755135542046,-9.357882361205366,9.357882361205366,6.892755135542051,76.36779781337701
trimmed_mean,spherical,NL,5.379042209457083,-52.47101262876637,52.47101262876637,5.379042209457094,34.16643293938836
trimmed_mean,spherical,NO,11.018782732007992,-59.462709080240295,59.462709080240295,11.018782732007999,52.92448041323016
trimmed_mean,spherical,NZ,172.6647206268014,42.86556086280546,-42.86556086280546,172.6647206268014,246.70786972118285
trimmed_mean,spherical,PE,-75.90833689873676,11.37436775607313,-11.37436775607313,-75.90833689873678,145.20498267877434
trimmed_mean,spherical,PH,120.39370986219126,-16.130455591774705,16.130455591774705,120.39370986219127,180.79068851065395
trimmed_mean,spherical,PK,71.58965070471896,-31.19355640276693,31.19355640276693,71.58965070471896,315.64459091380286
trimmed_mean,spherical,PL,20.285778040233907,-51.948896158239315,51.948896158239315,20.285778040233915,59.1818787721984
trimmed_mean,spherical,PT,-7.986022377993777,-38.86596909821546,38.86596909821546,-7.9860223779937725,101.81778235062093
trimmed_mean,spherical,RU,37.94211620489736,-55.076372918265676,55.076372918265676,37.94211620489735,78.16167233078342
trimmed_mean,spherical,SA,46.344874985579224,-24.873106936600653,24.873106936600653,46.34487498557923,50.05551286273985
trimmed_mean,spherical,SE,17.01759990111097,-59.221757216988514,59.221757216988514,17.017599901110962,62.91622161751978
trimmed_mean,spherical,SG,103.53770424350341,-2.0066968497778968,2.0066968497778968,103.5377042435034,86.59105769669927
trimmed_mean,spherical,SN,-17.0957412791997,-15.222791526397382,15.222791526397382,-17.095741279199707,69.38168114262966
trimmed_mean,spherical,TH,100.44787907360922,-14.004607096884412,14.004607096884412,100.44787907360923,29.005967482323868
trimmed_mean,spherical,TR,32.71015932635717,-39.59976993631078,39.59976993631078,32.71015932635715,38.87321680728708
trimmed_mean,spherical,TZ,34.23495847959401,5.109927641905083,-5.109927641905083,34.23495847959401,205.7924052794695
trimmed_mean,spherical,UA,29.995677063910932,-49.9255351350593,49.9255351350593,29.99567706391094,67.66747072135827
trimmed_mean,spherical,US,-76.16386886927357,-38.88971016563402,38.88971016563402,-76.16386886927357,73.35550767317612
trimmed_mean,spherical,VN,106.07971948637163,-21.428057445923805,21.428057445923805,106.07971948637162,49.84023365551007
trimmed_mean,spherical,ZA,26.73891666760383,26.381441781254047,-26.381441781254047,26.73891666760383,166.6535704523399
trimmed_mean,classical,AO,10.23506676798787,-14.498051058752932,,,
trimmed_mean,classical,AR,-39.46966361011412,50.64418652337905,,,
trimmed_mean,classical,AU,105.67274688763914,68.53497164196014,,,
trimmed_mean,classical,BD,89.35332144059993,-42.29947209475564,,,
trimmed_mean,classical,BR,-43.181691567045554,25.8080714224623,,,
trimmed_mean,classical,CA,-7.737794472945829,-2.8753076874709507,,,
trimmed_mean,classical,CD,10.51382286019576,-23.574265314925402,,,
trimmed_mean,classical,CL,-32.36207386941817,61.3769821694961,,,
trimmed_mean,classical,CN,93.91907943299591,-35.68422380703286,,,
trimmed_mean,classical,CO,-44.98515915540606,30.660660721830528,,,
trimmed_mean,classical,DE,15.677891566461003,-51.780074903813656,,,
trimmed_mean,classical,DZ,-1.0045308219758091,-52.77038175423236,,,
trimmed_mean,classical,EG,27.378280064135062,-50.48146389858358,,,
trimmed_mean,classical,ES,-3.419812305985424,-52.34963855277262,,,
trimmed_mean,classical,ET,34.863859842947484,-36.37189511283146,,,
trimmed_mean,classical,FI,26.22002034704147,-47.314713959899706,,,
trimmed_mean,classical,FJ,98.19412598467574,86.07538171425917,,,
trimmed_mean,classical,FR,6.238915092816455,-51.69057651702787,,,
trimmed_mean,classical,GB,6.46742448501605,-50.14344561099939,,,
trimmed_mean,classical,GH,-8.193831645392251,-32.615752116840305,,,
trimmed_mean,classical,GR,18.986373274449456,-50.874529747429165,,,
trimmed_mean,classical,IN,76.60635109428625,-44.146462319771636,,,
trimmed_mean,classical,IT,11.08819909490746,-52.80878233260211,,,
trimmed_mean,classical,JP,96.22139460101047,-14.2509929901631,,,
trimmed_mean,classical,KE,32.28496280407825,-33.159872667087136,,,
trimmed_mean,classical,KR,97.92707201801318,-27.57787873959515,,,
trimmed_mean,classical,MA,-7.7004121801317496,-49.38121632245935,,,
trimmed_mean,classical,MX,-11.68497293729176,36.958679157524514,,,
trimmed_mean,classical,MY,107.616511753499,-26.974167422511535,,,
trimmed_mean,classical,NG,-0.2212952138634421,-33.99788054174591,,,
trimmed_mean,classical,NL,10.286733916353537,-50.96385708777168,,,
trimmed_mean,classical,NO,17.704174894211683,-47.11914512564699,,,
trimmed_mean,classical,NZ,94.97169995961522,103.01423129548064,,,
trimmed_mean,classical,PE,-45.97474344807292,51.813380791179625,,,
trimmed_mean,classical,PH,113.43944998410475,-23.229108765821106,,,
trimmed_mean,classical,PK,69.6777204299548,-47.99361671850605,,,
trimmed_mean,classical,PL,20.102180840456697,-50.682876050139555,,,
trimmed_mean,classical,PT,-6.303420756902085,-50.40722565099772,,,
trimmed_mean,classical,RU,34.14026587354314,-50.250983807404396,,,
trimmed_mean,classical,SA,43.89182621074332,-46.208811451716066,,,
trimmed_mean,classical,SE,20.701184028432536,-47.95800444264269,,,
trimmed_mean,classical,SG,108.74949611209053,-24.176113740054024,,,
trimmed_mean,classical,SN,-22.607331687123327,-31.645807253747606,,,
trimmed_mean,classical,TH,103.04480305173641,-33.873740998970035,,,
trimmed_mean,classical,TR,28.122578199409745,-50.59534857341635,,,
trimmed_mean,classical,TZ,31.763010892600075,-25.50261755546793,,,
trimmed_mean,classical,UA,26.85000749986344,-50.81345134209146,,,
trimmed_mean,classical,US,-12.560602999049891,2.520384542710037,,,
trimmed_mean,classical,VN,103.16035303265537,-34.37667022635298,,,
trimmed_mean,classical,ZA,26.29663633219174,-4.446240716231337,,,
trimmed_mean,metric,AO,14.190479538881892,13.26219206188554,,,
trimmed_mean,metric,AR,-38.00127314077108,59.90901822393273,,,
trimmed_mean,metric,AU,120.16491805159342,62.725946804970775,,,
trimmed_mean,metric,BD,91.16064385653289,-38.8108420036191,,,
trimmed_mean,metric,BR,-41.33367208055581,33.09309027436771,,,
trimmed_mean,metric,CA,-45.73450593209666,-41.70425365916613,,,
trimmed_mean,metric,CD,15.419199456282934,5.941844230741108,,,
trimmed_mean,metric,CL,-37.930651201541046,66.0547729927895,,,
trimmed_mean,metric,CN,98.14424416034964,-56.03506580837872,,,
trimmed_mean,metric,CO,-61.5332691492489,16.120741720254,,,
trimmed_mean,metric,DE,15.94838375890545,-58.90329462969375,,,
trimmed_mean,metric,DZ,2.635471708373551,-44.382265206653955,,,
trimmed_mean,metric,EG,32.19921620463535,-39.08185576489829,,,
trimmed_mean,metric,ES,-1.2151854249068492,-49.759024493633774,,,
trimmed_mean,metric,ET,41.252938746606574,-12.551902180611846,,,
trimmed_mean,metric,FI,25.367663517580592,-64.80326611304343,,,
trimmed_mean,metric,FJ,115.47546465489734,79.23945482054414,,,
trimmed_mean,metric,FR,6.645177906852485,-56.67271809409773,,,
trimmed_mean,metric,GB,5.862929990103133,-59.03582465178964,,,
trimmed_mean,metric,GH,-4.085757315963853,-9.85281914851369,,,
trimmed_mean,metric,GR,23.10159335861466,-44.76172571740008,,,
trimmed_mean,metric,IN,76.93199198582664,-43.155298064155204,,,
trimmed_mean,metric,IT,13.12919174093393,-49.905704388960174,,,
trimmed_mean,metric,JP,114.14524511161392,-53.618898862798474,,,
trimmed_mean,metric,KE,39.81296782889821,-0.38544915169406835,,,
trimmed_mean,metric,KR,106.1879001634008,-54.49155148991561,,,
trimmed_mean,metric,MA,-5.748071783040054,-43.63996477930139,,,
trimmed_mean,metric,MX,-68.93486991437535,1.5826687250143827,,,
trimmed_mean,metric,MY,111.46494461300227,-13.586331638355308,,,
trimmed_mean,metric,NG,4.515065595506041,-12.063803358707164,,,
trimmed_mean,metric,NL,9.928857866817378,-59.33119101177931,,,
trimmed_mean,metric,NO,16.416214118278955,-63.95626468097247,,,
trimmed_mean,metric,NZ,99.62407378598655,94.7260774540164,,,
trimmed_mean,metric,PE,-59.40067136979393,41.49682042112106,,,
trimmed_mean,metric,PH,120.46572608844667,-27.458633414414578,,,
trimmed_mean,metric,PK,70.34837675325412,-45.720408417252145,,,
trimmed_mean,metric,PL,21.080509126194226,-58.54631878977847,,,
trimmed_mean,metric,PT,-5.5233375174750705,-48.36740369191273,,,
trimmed_mean,metric,RU,34.21295821174538,-61.89668673707445,,,
trimmed_mean,metric,SA,48.21120795403202,-35.48857323663937,,,
trimmed_mean,metric,SE,20.213756408887903,-64.17794323415808,,,
trimmed_mean,metric,SG,113.67771044803143,-11.857956231530116,,,
trimmed_mean,metric,SN,-20.53357528024644,-21.00199463624361,,,
trimmed_mean,metric,TH,106.01385223136822,-25.637478324787224,,,
trimmed_mean,metric,TR,32.15720059414259,-47.99343171810817,,,
trimmed_mean,metric,TZ,38.94454648656931,5.0386277045900485,,,
trimmed_mean,metric,UA,28.857398284890387,-57.16069892422557,,,
trimmed_mean,metric,US,-51.240560251665606,-32.744727519598996,,,
trimmed_mean,metric,VN,106.16475133121386,-33.26928287811673,,,
trimmed_mean,metric,ZA,32.10283272243049,32.16186221775244,,,
trimmed_mean,nonmetric,AO,14.662074252870182,11.274833334817444,,,
trimmed_mean,nonmetric,AR,-30.816639421272477,61.55334593240214,,,
trimmed_mean,nonmetric,AU,114.17432376875675,63.72132513017013,,,
trimmed_mean,nonmetric,BD,91.188373678559,-38.924054503011966,,,
trimmed_mean,nonmetric,BR,-36.33171829695292,36.235326946123365,,,
trimmed_mean,nonmetric,CA,-48.70348454805454,-39.471233132407576,,,
trimmed_mean,nonmetric,CD,14.356069664723712,3.3282507430747366,,,
trimmed_mean,nonmetric,CL,-32.35691285745937,66.41572185464382,,,
trimmed_mean,nonmetric,CN,100.060064445921,-53.26179292213493,,,
trimmed_mean,nonmetric,CO,-58.68325442188367,19.939159514033232,,,
trimmed_mean,nonmetric,DE,15.425264931527382,-61.07135489678532,,,
trimmed_mean,nonmetric,DZ,2.157169793339186,-45.49838708584252,,,
trimmed_mean,nonmetric,EG,31.700059391171973,-43.4077699552567,,,
trimmed_mean,nonmetric,ES,-0.9195199597399757,-50.44987898148654,,,
trimmed_mean,nonmetric,ET,39.788469061117056,-15.362220786096136,,,
trimmed_mean,nonmetric,FI,24.38745440420896,-67.3208627058461,,,
trimmed_mean,nonmetric,FJ,105.65390008694686,79.11149739082806,,,
trimmed_mean,nonmetric,FR,5.718887407867534,-57.988137991507415,,,
trimmed_mean,nonmetric,GB,4.840871383771098,-59.91572184710846,,,
trimmed_mean,nonmetric,GH,-4.279553297471537,-11.796680738854295,,,
trimmed_mean,nonmetric,GR,23.320191604325395,-48.40252195967618,,,
trimmed_mean,nonmetric,IN,77.06182680551777,-45.04479117113618,,,
trimmed_mean,nonmetric,IT,12.653457763389781,-52.28333989207404,,,
trimmed_mean,nonmetric,JP,118.01154291460841,-45.54197585190172,,,
trimmed_mean,nonmetric,KE,38.93219127701167,-2.69559264433315,,,
trimmed_mean,nonmetric,KR,108.79649168373288,-47.77778951732917,,,
trimmed_mean,nonmetric,MA,-5.111538264147285,-43.92329512459667,,,
trimmed_mean,nonmetric,MX,-68.5330197371452,8.831103345830154,,,
trimmed_mean,nonmetric,MY,111.09056846152771,-9.296083179188972,,,
trimmed_mean,nonmetric,NG,4.635504216565877,-15.03954622683235,,,
trimmed_mean,nonmetric,NL,9.51516077143603,-61.39687672126631,,,
trimmed_mean,nonmetric,NO,15.933593832930004,-65.67970893606012,,,
trimmed_mean,nonmetric,NZ,92.24605954358437,89.76264420660503,,,
trimmed_mean,nonmetric,PE,-51.31739473470791,46.25704201783418,,,
trimmed_mean,nonmetric,PH,120.40415875137973,-21.089750620003162,,,
trimmed_mean,nonmetric,PK,71.10071013191967,-48.438000743499146,,,
trimmed_mean,nonmetric,PL,20.319283609137393,-60.353361693930566,,,
trimmed_mean,nonmetric,PT,-5.574229613703238,-48.13219996631027,,,
trimmed_mean,nonmetric,RU,34.32933473014013,-64.29066043061273,,,
trimmed_mean,nonmetric,SA,47.616301750533474,-39.32146729895391,,,
trimmed_mean,nonmetric,SE,19.8819467575956,-66.0719655036945,,,
trimmed_mean,nonmetric,SG,112.3360010225048,-7.505205500595125,,,
trimmed_mean,nonmetric,SN,-19.600503304107328,-21.762784258910344,,,
trimmed_mean,nonmetric,TH,105.40211389212155,-23.37415079499892,,,
trimmed_mean,nonmetric,TR,32.10734244880021,-51.471401011548366,,,
trimmed_mean,nonmetric,TZ,39.388850510056486,1.9991533692193357,,,
trimmed_mean,nonmetric,UA,28.555765539584556,-58.576105659585025,,,
trimmed_mean,nonmetric,US,-53.17189858922125,-29.45607347541687,,,
trimmed_mean,nonmetric,VN,106.18392523972275,-30.223415510569986,,,
trimmed_mean,nonmetric,ZA,32.424565516960186,32.72902045378045,,,
robust,spherical,AO,12.759900910850803,10.341395188804766,-10.341395188804766,12.759900910850796,175.19180893735646
robust,spherical,AR,-56.44909514321992,32.9081725220823,-32.9081725220823,-56.44909514321992,260.6149127175548
robust,spherical,AU,146.9290255084601,37.085267627535714,-37.085267627535714,146.92902550846006,281.3095882290151
robust,spherical,BD,90.23154619113552,-24.515403949853084,24.515403949853084,90.23154619113551,89.66658471068526
robust,spherical,BR,-46.05367132335209,15.76275826260455,-15.76275826260455,-46.053671323352084,199.50919085119338
robust,spherical,CA,-74.7139074912571,-45.17600957346778,45.17600957346778,-74.71390749125712,81.85656498718376
robust,spherical,CD,15.020034994059586,4.632434447152619,-4.632434447152619,15.02003499405957,46.9310803933705
robust,spherical,CL,-67.40033601722392,34.12710491802612,-34.12710491802612,-67.4003360172239,311.3490484257439
robust,spherical,CN,115.44379052326309,-39.71960653448212,39.71960653448212,115.44379052326309,83.84829294282778
robust,spherical,CO,-70.81943238252616,-3.131523967364689,3.131523967364689,-70.81943238252617,397.3322468477725
robust,spherical,DE,13.807652588917762,-52.02037128481144,52.02037128481144,13.807652588917762,62.482148486471665
robust,spherical,DZ,2.4805153667482784,-36.12239157088542,36.12239157088542,2.4805153667482633,87.68201701368258
robust,spherical,EG,31.776488035402025,-30.088229077776305,30.088229077776305,31.776488035402036,51.0142209765648
robust,spherical,ES,-3.476860767408567,-40.481363202481795,40.481363202481795,-3.4768607674085708,19.72510810443483
robust,spherical,ET,37.51675541100337,-8.261317618083831,8.261317618083831,37.51675541100338,155.78755221330744
robust,spherical,FI,24.77524825776203,-60.604732340610035,60.604732340610035,24.775248257762,48.28113537326032
robust,spherical,FJ,178.53349305629877,17.778924730221416,-17.778924730221416,178.53349305629877,40.55261729641658
robust,spherical,FR,2.6262671126604005,-48.922940382393,48.922940382393,2.626267112660392,22.3860747199764
robust,spherical,GB,-0.015395109868507006,-51.823035586445556,51.823035586445556,-0.01539510986848778,36.407734852660255
robust,spherical,GH,-0.4619818718529132,-7.223954928239115,7.223954928239115,-0.4619818718529235,187.8494085591278
robust,spherical,GR,23.358086385276692,-37.41848702681944,37.41848702681944,23.358086385276707,71.0668889134695
robust,spherical,IN,77.62071260949887,-28.419373703147198,28.419373703147198,77.6207126094989,45.75532843380518
robust,spherical,IT,12.78227813960308,-41.92573252321417,41.92573252321417,12.782278139603068,25.095921418579326
robust,spherical,JP,139.2176852950172,-36.12344892952425,36.12344892952425,139.21768529501722,68.18789008115151
robust,spherical,KE,35.21291556459312,1.0583703808357485,-1.0583703808357485,35.21291556459313,179.7931413116855
robust,spherical,KR,126.12375709190735,-37.43827186488359,37.43827186488359,126.12375709190735,78.44426640235123
robust,spherical,MA,-6.565584289842434,-34.70631769766807,34.70631769766807,-6.565584289842421,79.7005369007799
robust,spherical,MX,-96.87674773868235,-19.219712685452652,19.219712685452652,-96.87674773868235,238.0440750956621
robust,spherical,MY,101.33061575819966,-3.2817066119735774,3.2817066119735774,101.33061575819966,42.685214903147696
robust,spherical,NG,6.885786207531055,-9.373858762934598,9.373858762934598,6.885786207531056,77.78484006593649
robust,spherical,NL,5.435587720894517,-52.43005693242944,52.43005693242944,5.435587720894519,36.39952796815286
robust,spherical,NO,11.030028439286014,-59.45149295590462,59.45149295590462,11.030028439286028,54.3016467812769
robust,spherical,NZ,172.6783156701092,42.92492464323727,-42.92492464323727,172.67831567010919,250.5731765963687
robust,spherical,PE,-75.88098157965322,11.435175357510547,-11.435175357510547,-75.88098157965324,144.45508220801585
robust,spherical,PH,120.27732070670066,-16.065405437242458,16.065405437242458,120.27732070670066,178.9205371661223
robust,spherical,PK,71.59237389835226,-31.264254105774857,31.264254105774857,71.59237389835225,308.5707290816711
robust,spherical,PL,20.29480590052276,-51.93480949677009,51.93480949677009,20.294805900522764,59.59547056804963
robust,spherical,PT,-8.26744253664532,-39.277743691616024,39.277743691616024,-8.26744253664532,97.7565213981804
robust,spherical,RU,38.06904325705722,-55.066143903036405,55.066143903036405,38.06904325705722,81.72258494512235
robust,spherical,SA,46.350580391870835,-24.971080504288025,24.971080504288025,46.350580391870835,55.96088408031605
robust,spherical,SE,17.13291598151804,-59.1664127929241,59.1664127929241,17.132915981518032,58.49445040910759
robust,spherical,SG,103.50465311390025,-1.9861745361707437,1.9861745361707437,103.50465311390022,86.10303653367049
robust,spherical,SN,-17.069020296348583,-15.18559320820399,15.18559320820399,-17.069020296348587,67.88873455815202
robust,spherical,TH,100.42674957138456,-14.021238831397874,14.021238831397874,100.42674957138458,31.41309401710887
robust,spherical,TR,32.70378330102136,-39.619338581352906,39.619338581352906,32.703783301021346,37.025506859073175
robust,spherical,TZ,34.27871312646181,5.128339789987617,-5.128339789987617,34.27871312646183,200.66205844078223
robust,spherical,UA,30.004105783021714,-49.90313949615147,49.90313949615147,30.004105783021732,69.455219679032
robust,spherical,US,-76.13860139496909,-38.79383922972723,38.79383922972723,-76.13860139496907,76.52351450052109
robust,spherical,VN,105.91953010214303,-21.237383475842513,21.237383475842513,105.91953010214304,23.664303714474936
robust,spherical,ZA,26.602886160566925,26.453957195067353,-26.453957195067353,26.602886160566932,182.37778419021012
robust,classical,AO,10.203601053344698,-14.487838078998454,,,
robust,classical,AR,-39.05989541184338,50.311262752905805,,,
robust,classical,AU,105.6254071333756,68.83622008333776,,,
robust,classical,BD,89.39617147919488,-42.29286070832241,,,
robust,classical,BR,-43.10978534336733,25.81665674838023,,,
robust,classical,CA,-7.8376500717110815,-2.8842955729394113,,,
robust,classical,CD,10.527324623665695,-23.58397386123035,,,
robust,classical,CL,-32.579074677646844,61.468755471450834,,,
robust,classical,CN,94.12818198041654,-35.830025513675615,,,
robust,classical,CO,-45.08919200075611,30.817026146679414,,,
robust,classical,DE,15.654178241749008,-51.872249602668205,,,
robust,classical,DZ,-1.0584341034428455,-53.043291732512785,,,
robust,classical,EG,27.292070846908032,-50.638566457047475,,,
robust,classical,ES,-3.4943614317777687,-52.508656931415715,,,
robust,classical,ET,34.95148244084646,-36.40440626777712,,,
robust,classical,FI,26.217510491446625,-47.45594700182425,,,
robust,classical,FJ,97.67935491921682,85.75911642885866,,,
robust,classical,FR,6.181494150009016,-51.84288307198648,,,
robust,classical,GB,6.420390496327311,-50.28194725674466,,,
robust,classical,GH,-8.230513260323903,-32.71350584796306,,,
robust,classical,GR,18.80691813220227,-50.8923045045061,,,
robust,classical,IN,76.69454087754917,-44.249943082985816,,,
robust,classical,IT,10.973136781164854,-53.150083116886236,,,
robust,classical,JP,96.2750834965108,-14.26160892881396,,,
robust,classical,KE,32.31570026543714,-33.31428258467815,,,
robust,classical,KR,97.99883653284442,-27.600767659726323,,,
robust,classical,MA,-7.736464976570495,-49.27127567243821,,,
robust,classical,MX,-11.786439113777234,36.8867043233395,,,
robust,classical,MY,107.80269656685596,-27.047865830287076,,,
robust,classical,NG,-0.2615651839356268,-33.97936588044237,,,
robust,classical,NL,10.240271556325553,-51.11073573975589,,,
robust,classical,NO,17.659628770846584,-47.251145363040564,,,
robust,classical,NZ,95.03278239343513,103.15040449262086,,,
robust,classical,PE,-45.90572215203631,52.01293087546101,,,
robust,classical,PH,113.3537806147406,-23.060411531296793,,,
robust,classical,PK,69.68457399176293,-47.91388733359787,,,
robust,classical,PL,20.08235327509841,-50.77034048851823,,,
robust,classical,PT,-5.537876191577759,-48.74401937838199,,,
robust,classical,RU,34.297501571299286,-50.182391220528636,,,
robust,classical,SA,43.87576960597438,-46.392323857300184,,,
robust,classical,SE,20.71117828423623,-48.25367292793105,,,
robust,classical,SG,108.91015739345968,-24.197919220110283,,,
robust,classical,SN,-22.50001996328922,-31.43351136989377,,,
robust,classical,TH,103.13774705446644,-33.93129972549211,,,
robust,classical,TR,28.10365806038187,-50.71897538398375,,,
robust,classical,TZ,31.880865716934267,-25.42016908838874,,,
robust,classical,UA,26.86832209648108,-50.888361184712096,,,
robust,classical,US,-12.832587767842789,2.442184064439406,,,
robust,classical,VN,102.81450727728014,-33.816322126537,,,
robust,classical,ZA,26.18260747811131,-4.265565282134027,,,
robust,metric,AO,14.170659790844446,13.276821633738198,,,
robust,metric,AR,-37.699160537119006,59.83020973434762,,,
robust,metric,AU,119.99544299552639,62.866942221808486,,,
robust,metric,BD,91.09548333927437,-38.84223081008011,,,
robust,metric,BR,-41.24632511623772,33.13353850432945,,,
robust,metric,CA,-45.76335856198295,-41.57876758937691,,,
robust,metric,CD,15.438989664226705,5.843127812553391,,,
robust,metric,CL,-37.874745319090174,66.10654401670273,,,
robust,metric,CN,98.22856667590142,-56.012107803684614,,,
robust,metric,CO,-61.45021329390287,16.245233080593554,,,
robust,metric,DE,15.944246196265578,-58.92554413114836,,,
robust,metric,DZ,2.675777529050169,-44.44875430506756,,,
robust,metric,EG,32.14513509289039,-39.18983653405738,,,
robust,metric,ES,-1.273123477883182,-49.83611112203857,,,
robust,metric,ET,41.315276327314486,-12.665207486565215,,,
robust,metric,FI,25.352000733187218,-64.89200779562313,,,
robust,metric,FJ,114.99503467176419,79.28741642266081,,,
robust,metric,FR,6.61872933448047,-56.732560861402845,,,
robust,metric,GB,5.834889092131739,-59.09843601723999,,,
robust,metric,GH,-4.076523460731671,-9.930957602947602,,,
robust,metric,GR,23.065326147381167,-44.752575904982706,,,
robust,metric,IN,76.92217194612229,-43.29147980508856,,,
robust,metric,IT,13.084181526577186,-50.10972346830322,,,
robust,metric,JP,114.21035410015742,-53.51325975646263,,,
robust,metric,KE,39.8099986781827,-0.4935380032338159,,,
robust,metric,KR,106.22141100623915,-54.45129828227289,,,
robust,metric,MA,-5.772391704170339,-43.62028944367877,,,
robust,metric,MX,-68.86733413562737,1.7395187292495216,,,
robust,metric,MY,111.51081979758618,-13.605048265525564,,,
robust,metric,NG,4.516424315682443,-12.134225839436782,,,
robust,metric,NL,9.929864426551958,-59.348157659067724,,,
robust,metric,NO,16.395334925273282,-64.02032241604174,,,
robust,metric,NZ,99.52602330093606,94.7534533957148,,,
robust,metric,PE,-59.1829007368984,41.6599576740944,,,
robust,metric,PH,120.422950803921,-27.344521929887577,,,
robust,metric,PK,70.32464763395863,-45.73503455419086,,,
robust,metric,PL,21.075944415759988,-58.58293139956214,,,
robust,metric,PT,-5.33644880799126,-47.96507053985444,,,
robust,metric,RU,34.30386257307412,-61.85586768945339,,,
robust,metric,SA,48.212163891560635,-35.68425770950989,,,
robust,metric,SE,20.238753362109172,-64.25876535411528,,,
robust,metric,SG,113.66211541848833,-11.799379303446212,,,
robust,metric,SN,-20.48339078329851,-20.98787704340046,,,
robust,metric,TH,105.99900287710713,-25.63928292782144,,,
robust,metric,TR,32.15571954608745,-48.121066974654354,,,
robust,metric,TZ,39.014492885630915,4.980753957952935,,,
robust,metric,UA,28.85250016147117,-57.20291094570386,,,
robust,metric,US,-51.33172508921641,-32.669729946969014,,,
robust,metric,VN,106.10923791572398,-33.03594503845838,,,
robust,metric,ZA,31.944311925710423,32.193830076608435,,,
robust,nonmetric,AO,14.512200303749502,11.197695445687625,,,
robust,nonmetric,AR,-30.699958574106226,61.60397711736847,,,
robust,nonmetric,AU,113.65447060614918,63.997351816612635,,,
robust,nonmetric,BD,91.06622166288606,-39.200340013483604,,,
robust,nonmetric,BR,-36.49804356185876,36.022865737298886,,,
robust,nonmetric,CA,-48.58263603596938,-39.734075036490566,,,
robust,nonmetric,CD,14.53025788485541,3.459049136259164,,,
robust,nonmetric,CL,-32.6041897672439,66.30929808022648,,,
robust,nonmetric,CN,100.0591173897559,-53.41876718893262,,,
robust,nonmetric,CO,-58.598677150522285,19.88480195005823,,,
robust,nonmetric,DE,15.387011506018634,-61.08748276090313,,,
robust,nonmetric,DZ,2.206086061518455,-45.48304007079513,,,
robust,nonmetric,EG,31.74179067882958,-43.34932475961776,,,
robust,nonmetric,ES,-0.8648673914647347,-50.23101310911778,,,
robust,nonmetric,ET,39.74515601354998,-15.265877998528893,,,
robust,nonmetric,FI,24.433718856382352,-67.35539139522618,,,
robust,nonmetric,FJ,105.19910420307295,79.19280429275155,,,
robust,nonmetric,FR,5.7033101301833184,-58.118456148588876,,,
robust,nonmetric,GB,4.911845969852276,-59.954914630231144,,,
robust,nonmetric,GH,-4.316036647656617,-11.650054331104544,,,
robust,nonmetric,GR,23.45019662637843,-48.40289705201853,,,
robust,nonmetric,IN,77.04110043969314,-45.101620217439105,,,
robust,nonmetric,IT,12.770670446237318,-52.409342419605935,,,
robust,nonmetric,JP,118.11144269344629,-45.46412969763159,,,
robust,nonmetric,KE,38.957372711660895,-2.953249638875434,,,
robust,nonmetric,KR,108.84008645593622,-48.091555821942514,,,
robust,nonmetric,MA,-5.200848393039067,-43.98328127911396,,,
robust,nonmetric,MX,-68.52791419054955,8.474313572844615,,,
robust,nonmetric,MY,110.80195720941154,-9.544959293519254,,,
robust,nonmetric,NG,4.7368244056934365,-14.895940744185847,,,
robust,nonmetric,NL,9.224484670884852,-61.342780406152755,,,
robust,nonmetric,NO,15.753162957160033,-65.52803344635447,,,
robust,nonmetric,NZ,92.16330850867293,89.77556095075872,,,
robust,nonmetric,PE,-50.6950400695494,46.781998611337286,,,
robust,nonmetric,PH,120.5620347514863,-21.043070952748835,,,
robust,nonmetric,PK,70.99874705563825,-48.28250514358789,,,
robust,nonmetric,PL,20.466704012868547,-60.29223091565642,,,
robust,nonmetric,PT,-5.50937251256159,-47.652886582840395,,,
robust,nonmetric,RU,34.44093288454008,-64.28356939662245,,,
robust,nonmetric,SA,47.679247957055146,-39.250528724342644,,,
robust,nonmetric,SE,19.743629889893185,-66.06381718029921,,,
robust,nonmetric,SG,112.4480086059553,-7.48454457346125,,,
robust,nonmetric,SN,-19.356302718667855,-21.522752501386634,,,
robust,nonmetric,TH,105.48173050510786,-23.676379703918208,,,
robust,nonmetric,TR,32.106220460396656,-51.57142958925271,,,
robust,nonmetric,TZ,39.55985576151545,2.059754145367517,,,
robust,nonmetric,UA,28.464888592720346,-58.6265873015506,,,
robust,nonmetric,US,-53.1979931357101,-29.46872395240576,,,
robust,nonmetric,VN,106.22872534641024,-30.29892342690834,,,
robust,nonmetric,ZA,32.430459933333815,32.867271548270026,,,
