id,place_a_id,place_b_id,true_distance_km,n,mean,median,trimmed_mean,robust,std,variance,min,max,q1,q3,iqr,mad,cv,outliers,missing_samples,mean_ci_low,mean_ci_high,absolute_error_km,signed_error_km,relative_error,log_ratio_error
AR--AU,AR,AU,11758.30968994146,10,11812.5,11812.5,11815.625,11820.833333326918,179.21510973005473,32118.05555555556,11500.0,12100.0,11725.0,11900.0,175.0,100.0,0.015171649500957014,0,0,11699.9375,11915.0,54.19031005854049,54.19031005854049,0.0046086819863995505,0.004598094528595128
AR--BR,AR,BR,2333.5144810867555,10,1542.2,1590.0,1543.375,1552.7868334928996,275.73167310912174,76027.95555555557,1150.0,1925.0,1304.5,1761.0,456.5,207.5,0.1787911250869678,0,0,1379.89,1698.6125,791.3144810867554,-791.3144810867554,-0.33910845100829523,-0.4141655237085257
AR--CA,AR,CA,9031.715831568095,10,9298.7,9448.5,9334.625,9350.900774448708,798.7171728604701,637949.122222222,7960.0,10350.0,8826.25,9887.5,1061.25,621.0,0.08589557388242121,0,0,8846.112500000001,9741.97,266.98416843190535,266.98416843190535,0.029560736122667765,0.029132241493625206
AR--CN,AR,CN,19261.112952664003,10,15000.0,12150.0,14800.0,12214.926666405036,3788.286038713433,14351111.111111112,12000.0,19600.0,12025.0,19300.0,7275.0,150.0,0.2525524025808955,0,0,12800.0,17230.0,4261.112952664003,-4261.112952664003,-0.22122880246515814,-0.2500379893024976
AR--DE,AR,DE,11887.678205229642,10,11054.0,11200.0,11142.5,11167.24666667188,441.64339561334873,195048.88888888885,9900.0,11500.0,10987.5,11275.0,287.5,100.0,0.0399532653893024,1,0,10743.975,11250.0,833.6782052296421,-833.6782052296421,-0.07012960738312124,-0.07271006532427936
AR--EG,AR,EG,11806.270501311932,10,12361.5,12500.0,12389.375,12441.160000014119,379.38583409388275,143933.61111111112,11700.0,12800.0,12056.25,12660.0,603.75,200.0,0.030690922144875843,0,0,12107.4375,12574.0,555.2294986880679,555.2294986880679,0.047028356552255,0.0459560151436651
AR--FJ,AR,FJ,11642.45746949547,10,12512.5,12435.0,12490.625,12498.578600127472,695.9917384567148,484404.50000000006,11600.0,13600.0,11907.75,13073.75,1166.0,649.0,0.055623715361176,0,0,12103.7775,12921.8575,870.0425305045301,870.0425305045301,0.07473014462660808,0.07206960181244187
AR--FR,AR,FR,11025.630755006467,10,11090.0,11100.0,11100.0,11099.888888890544,31.622776601683793,1000.0,11000.0,11100.0,11100.0,11100.0,0.0,0.0,0.002851467682748764,1,0,11070.0,11100.0,64.36924499353336,64.36924499353336,0.005838146263360477,0.005821170327417226
AR--GB,AR,GB,11102.268069921352,10,11018.0,11000.0,11022.5,11012.413000000011,57.88878225624643,3351.1111111111113,10900.0,11100.0,11000.0,11045.0,45.0,15.0,0.005254019082977531,1,0,10984.95,11048.0,84.26806992135243,-84.26806992135243,-0.0075901671073547936,-0.007619119018650336
AR--IN,AR,IN,15794.7526620095,10,12150.5,12150.0,12148.375,12148.375000003613,156.47026696610587,24482.94444444444,11886.0,12432.0,12075.0,12245.25,170.25,103.5,0.012877681327196895,0,0,12053.2,12248.1175,3644.2526620094995,-3644.2526620094995,-0.23072552891409803,-0.2623074536695824
AR--JP,AR,JP,18370.21725262342,10,12541.7,11773.5,11758.375,11761.398666651314,2533.586393062433,6419060.01111111,11600.0,19750.0,11710.0,11795.0,85.0,40.0,0.20201299609003828,1,0,11707.0,14158.4075,5828.51725262342,-5828.51725262342,-0.3172808014445806,-0.3816716334425102
AR--KE,AR,KE,10410.808770079677,10,11628.4,11750.0,11660.5,11714.47200006113,549.4725147306682,301920.04444444436,10700.0,12300.0,11158.75,11995.0,836.25,340.0,0.04725263275520865,0,0,11290.5725,11936.44,1217.5912299203228,1217.5912299203228,0.1169545283954922,0.110605810570432
AR--MX,AR,MX,7372.308131811268,10,7678.6,8095.0,7788.75,7956.526429897896,942.0012031131737,887366.2666666667,5900.0,8576.0,6937.5,8367.5,1430.0,425.0,0.12267876997280411,0,0,7032.085,8191.015,306.2918681887322,306.2918681887322,0.04154626511975169,0.04070640235469989
AR--NG,AR,NG,8446.362395848217,10,10085.3,10082.5,10083.75,10067.18599902841,541.8616162002169,293614.01111111115,9083.0,11100.0,9836.25,10300.0,463.75,270.0,0.05372786294906616,2,0,9779.9975,10423.1175,1638.9376041517826,1638.9376041517826,0.19404064463980344,0.17734305512789147
AR--NZ,AR,NZ,10003.231625456845,10,11798.9,11767.0,11826.625,11805.666666670948,582.9694960573266,339853.43333333335,10500.0,12876.0,11750.0,11900.0,150.0,133.0,0.04940880048625945,3,0,11433.6175,12148.1175,1795.6683745431546,1795.6683745431546,0.1795088269248336,0.16509810345338835
AR--SA,AR,SA,12854.981363911493,10,12260.0,12180.0,12218.75,12211.84750000062,264.61712382652456,70022.22222222223,12000.0,12850.0,12092.5,12375.0,282.5,150.0,0.021583778452408203,1,0,12119.975,12426.05,594.9813639114927,-594.9813639114927,-0.046284109410054626,-0.04738946049356692
AR--TH,AR,TH,16880.505738924476,10,12362.0,12189.0,12252.5,12226.111881084682,604.328644953316,365213.1111111111,11700.0,13900.0,12111.25,12476.75,365.5,169.0,0.04888599295852743,1,0,12086.095000000001,12779.210000000001,4518.505738924476,-4518.505738924476,-0.26767596947675143,-0.3115321983186706
AR--US,AR,US,8360.953336333787,10,10380.0,10325.0,10381.25,10378.074285687924,261.6188916046478,68444.44444444445,10000.0,10750.0,10187.5,10612.5,425.0,200.0,0.025204132139176088,0,0,10225.0,10535.0,2019.0466636662131,2019.0466636662131,0.24148522093672506,0.21630842169605438
AR--ZA,AR,ZA,8148.626185145644,10,11633.5,11665.0,11701.875,11708.71307239766,470.1893826486893,221078.05555555553,10570.0,12150.0,11522.5,11983.75,461.25,272.5,0.04041684640466663,1,0,11333.975,11886.5375,3484.873814854356,3484.873814854356,0.42766396883035684,0.35603952028112307
AU--BR,AU,BR,14075.358195321549,10,17879.5,17625.0,17736.875,17648.539999952296,859.2517739935781,738313.611111111,17000.0,19900.0,17386.25,17925.0,538.75,300.0,0.04805793081426092,2,0,17454.3875,18415.125,3804.141804678451,3804.141804678451,0.27026962666874754,0.23922918240067717
AU--CA,AU,CA,16104.729525959248,10,16605.0,16675.0,16681.25,16681.249998504474,564.923790337147,319138.8888888888,15300.0,17300.0,16350.0,17000.0,650.0,325.0,0.034021306253366274,1,0,16274.875,16910.0,500.27047404075165,500.27047404075165,0.031063575034548988,0.030590866600779205
AU--CN,AU,CN,8980.130816239809,10,10519.3,10575.0,10549.125,10591.027500010516,293.31516989219784,86033.78888888888,10000.0,10800.0,10500.0,10755.75,255.75,150.0,0.027883525509510888,2,0,10330.9325,10682.3,1539.1691837601902,1539.1691837601902,0.171397189557276,0.15819721545372623
AU--DE,AU,DE,16060.205223180863,10,16285.5,16327.5,16306.875,16314.17878571054,294.9618619415059,87002.49999999999,15700.0,16700.0,16125.0,16500.0,375.0,172.5,0.01811193159199938,0,0,16108.3875,16454.0,225.29477681913704,225.29477681913704,0.014028138102117942,0.013930654391589517
AU--EG,AU,EG,14263.93286552806,10,13245.0,12750.0,13106.25,12791.891000030268,1052.3650612892002,1107472.222222222,12300.0,15300.0,12662.5,13525.0,862.5,175.0,0.07945376076173652,2,0,12669.875,13955.25,1018.9328655280606,-1018.9328655280606,-0.07143421629461931,-0.07411405125871272
AU--FJ,AU,FJ,3459.5502950524574,10,3184.6,3169.5,3122.375,3118.9999999380148,464.19301541013687,215475.15555555557,2577.0,4290.0,2919.25,3244.5,325.25,211.0,0.1457617959587191,1,0,2940.27,3515.3975,274.9502950524575,-274.9502950524575,-0.07947573285628108,-0.08281191565409177
AU--FR,AU,FR,16917.63537856836,10,16946.7,16943.5,16960.875,16951.589999756634,122.09290633684572,14906.67777777778,16680.0,17100.0,16900.0,17000.0,100.0,50.0,0.007204523968492138,1,0,16872.7,17010.0,29.064621431640262,29.064621431640262,0.0017180073208375194,0.0017165332343464712
AU--GB,AU,GB,16976.59127449891,10,17058.0,17100.0,17062.5,17064.417600001067,80.801540139337,6528.88888888889,16900.0,17180.0,17000.0,17100.0,100.0,40.0,0.004736870684683844,0,0,17010.0,17104.0,81.40872550108907,81.40872550108907,0.004795351680721427,0.00478389060716509
AU--IN,AU,IN,10338.502325503718,10,9603.7,9437.5,9589.0,9535.333333325038,1310.6513266311524,1717806.8999999997,7550.0,11775.0,9314.25,9910.0,595.75,402.5,0.1364735806648638,4,0,8836.8825,10392.6175,734.8023255037169,-734.8023255037169,-0.07107434929825926,-0.07372657490840871
AU--JP,AU,JP,7916.886601720884,10,8228.0,7800.0,8000.0,7800.333333333315,885.5983539079352,784284.4444444445,7780.0,10500.0,7800.0,8100.0,300.0,0.0,0.10763227441759057,2,0,7799.95,8810.9,311.11339827911615,311.11339827911615,0.03929744278659869,0.03854494909405611
AU--KE,AU,KE,11938.438068840167,10,12679.1,12750.0,12650.125,12662.794760213756,721.7328607055538,520898.3222222223,11700.0,13890.0,12021.5,13000.0,978.5,487.0,0.05692303560233406,0,0,12284.5875,13082.710000000001,740.6619311598333,740.6619311598333,0.06204010331074988,0.06019168416963129
AU--MX,AU,MX,13179.187255642872,10,13230.0,12900.0,13162.5,13130.433333312405,783.2269431297959,613444.4444444446,12300.0,14700.0,12725.0,13875.0,1150.0,500.0,0.05920082714510929,0,0,12790.0,13700.25,50.812744357128395,50.812744357128395,0.00385552943223962,0.0038481159278512186
AU--NG,AU,NG,15163.69563184826,10,14696.4,14800.0,14700.0,14696.40000000033,955.2525204247188,912507.3777777778,13400.0,15964.0,13800.0,15550.0,1750.0,925.0,0.06499908279746869,0,0,14121.365,15271.435,467.2956318482611,-467.2956318482611,-0.030816737765878233,-0.03130155986065759
AU--NZ,AU,NZ,2331.7654440152487,10,2602.9,2543.5,2562.25,2561.7918571501687,169.7524013903125,28815.877777777772,2473.0,3058.0,2508.5,2617.5,109.0,55.0,0.06521664350928291,1,0,2526.375,2716.1,271.1345559847514,271.1345559847514,0.1162786577357728,0.11000052610255688
AU--SA,AU,SA,12623.318465753277,10,11205.5,11550.0,11345.625,11512.160214250658,867.5778863530863,752691.3888888888,9390.0,11900.0,11242.5,11733.75,491.25,222.5,0.07742429042462062,2,0,10646.4875,11643.2125,1417.8184657532765,-1417.8184657532765,-0.11231741238247137,-0.11914104626580753
AU--TH,AU,TH,7462.848367041455,10,7266.7,6921.0,7114.625,7082.433714087287,1341.8892196369181,1800666.6777777772,5750.0,10000.0,6217.5,7930.0,1712.5,860.0,0.18466280700137863,0,0,6510.88,8074.41,196.14836704145546,-196.14836704145546,-0.026283311330257648,-0.026634891707371267
AU--US,AU,US,15945.723803950415,10,16418.3,16451.5,16435.375,16438.833333338815,194.44510793537594,37808.9,16000.0,16700.0,16347.5,16500.0,152.5,86.5,0.011843193749375754,1,0,16310.9825,16532.325,472.5761960495838,472.5761960495838,0.029636547193455536,0.029205873166934192
AU--ZA,AU,ZA,10839.833274898414,10,11670.5,11727.5,11700.625,11700.624999994652,880.6135802823948,775480.2777777778,10200.0,12900.0,10985.0,12297.5,1312.5,785.0,0.07545637121651984,0,0,11182.9375,12201.075,830.666725101586,830.666725101586,0.07663095031407396,0.07383667493331326
BR--CA,BR,CA,7334.346869539842,10,7046.3,6875.0,7032.875,7032.874998220255,461.4773498715235,212961.3444444445,6420.0,7780.0,6787.25,7472.5,685.25,395.0,0.0654921518912796,0,0,6795.575000000001,7311.0075,288.0468695398422,-288.0468695398422,-0.039273690577156226,-0.04006570826135458
BR--CN,BR,CN,16930.472630910997,10,17759.3,17650.0,17661.625,17653.833333338636,462.7579280790336,214144.90000000005,17300.0,19000.0,17570.0,17747.25,177.25,101.5,0.026057216674026207,2,0,17548.2425,18065.9925,828.8273690890019,828.8273690890019,0.048954768550038066,0.04779420984776425
BR--DE,BR,DE,9575.611395967344,10,9248.5,9300.0,9286.875,9324.166666661924,340.11476821149,115678.05555555558,8590.0,9600.0,9200.0,9486.25,286.25,172.5,0.03677512766518787,2,0,9041.9,9429.0125,327.1113959673439,-327.1113959673439,-0.034160888787227,-0.0347580101804394
BR--EG,BR,EG,9874.469524339542,10,8843.8,8750.0,8817.25,8815.797943010464,792.3424904813714,627806.6222222222,7800.0,10100.0,8162.5,9425.0,1262.5,656.0,0.08959299062409502,0,0,8413.58,9313.925,1030.6695243395425,-1030.6695243395425,-0.10437720444617801,-0.11023594175226573
BR--FJ,BR,FJ,13707.79297949407,10,16342.0,16649.0,16458.75,16469.999999619282,1200.3558731568826,1440854.222222222,13850.0,17900.0,15770.5,16885.0,1114.5,758.0,0.07345220127015559,1,0,15600.925,16999.005,2634.20702050593,2634.20702050593,0.1921685733397437,0.17577397923124288
BR--FR,BR,FR,8706.397888002059,10,9070.0,9335.0,9150.0,9268.932571311674,615.0700050491091,378311.1111111111,7900.0,9600.0,8800.0,9500.0,700.0,240.0,0.06781367200100431,0,0,8674.875,9385.15,363.6021119979414,363.6021119979414,0.04176263440693505,0.04091411930729428
BR--GB,BR,GB,8772.672472521588,10,9108.0,9150.0,9100.0,9108.000000021118,430.21441682542957,185084.44444444447,8600.0,9680.0,8687.5,9475.0,787.5,450.0,0.04723478445601993,0,0,8840.0,9376.1,335.32752747841187,335.32752747841187,0.03822410200868088,0.03751165933000418
BR--IN,BR,IN,14244.967094288088,10,13225.7,13014.0,13157.125,13105.167500001367,701.7850335632224,492502.2333333332,12500.0,14500.0,12684.25,13500.0,815.75,450.0,0.053062222306813435,0,0,12850.595000000001,13677.9275,1019.2670942880868,-1019.2670942880868,-0.07155278685738699,-0.07424175156358946
BR--JP,BR,JP,17673.237812688087,10,17828.0,17700.0,17697.5,17698.649285728203,794.5341052745594,631284.4444444446,16800.0,19900.0,17562.5,17875.0,312.5,175.0,0.044566642656190224,2,0,17434.975,18343.25,154.7621873119133,154.7621873119133,0.008756866678996727,0.008718747695578618
BR--KE,BR,KE,9414.754147935433,10,9085.9,9250.0,9185.5,9191.573472449982,791.5084684041956,626485.6555555555,7500.0,9875.0,8690.25,9734.25,1044.0,548.5,0.08711393130060816,0,0,8609.205,9479.0725,328.8541479354335,-328.8541479354335,-0.03492965857292706,-0.035554287629150846
BR--MX,BR,MX,6827.142656438756,10,3549.2,3200.0,3336.5,3232.58316669549,797.6498535628831,636245.2888888889,3100.0,5700.0,3192.5,3443.75,251.25,57.5,0.22474074539695793,2,0,3209.45,4080.75,3277.942656438756,-3277.942656438756,-0.48013390394695954,-0.6541840081577432
BR--NG,BR,NG,6701.782316617511,10,8074.5,7900.0,7955.625,7958.600488851764,779.7834813445189,608062.2777777776,7250.0,9850.0,7577.5,8434.5,857.0,494.0,0.09657359357787094,1,0,7664.974999999999,8569.605,1372.7176833824888,1372.7176833824888,0.2048287483135262,0.18633743926082197
BR--NZ,BR,NZ,12315.070951453863,10,16321.2,16408.0,16364.0,16363.999999796295,1405.0642373610935,1974205.5111111114,14100.0,18200.0,15275.0,17375.0,2100.0,1100.0,0.08608829236582442,0,0,15539.345,17173.545000000002,4006.1290485461377,4006.1290485461377,0.3253029612527885,0.2816410833038623
BR--SA,BR,SA,11195.014360359984,10,10429.8,10550.0,10474.75,10469.645000365195,1980.1246762093879,3920893.733333333,7600.0,12900.0,8945.0,12079.5,3134.5,1700.0,0.18985260275454832,0,0,9297.65,11627.865,765.2143603599852,-765.2143603599852,-0.06835313789944787,-0.07080143942413669
BR--TH,BR,TH,16631.97836274269,10,14590.2,14648.5,14563.375,14631.877699991577,1217.4331649462779,1482143.5111111111,12765.0,16630.0,13958.75,15312.25,1353.5,798.5,0.08344184212322503,0,0,13866.8125,15299.51,2041.7783627426907,-2041.7783627426907,-0.12276220652838751,-0.13097717915353746
BR--US,BR,US,6769.014727737269,10,7148.7,7024.5,7142.625,7110.290081292727,331.3816363181413,109813.78888888887,6696.0,7650.0,7000.0,7425.0,425.0,204.0,0.04635551027713309,0,0,6966.985,7336.907499999999,379.6852722627309,379.6852722627309,0.0560916599437879,0.054574980706431214
BR--ZA,BR,ZA,7905.896338955261,10,8908.0,8548.0,8853.75,8611.108100000174,1041.2130745753564,1084124.6666666665,7750.0,10500.0,8200.0,9896.25,1696.25,455.5,0.11688516777900274,0,0,8313.1525,9511.735,1002.103661044739,1002.103661044739,0.1267539590807693,0.11934089629957143
CA--CN,CA,CN,10474.241950070254,10,7617.0,7635.0,7633.75,7633.750000004991,520.5776705844298,271001.1111111111,6600.0,8500.0,7337.5,7900.0,562.5,300.0,0.06834418676439935,0,0,7284.925,7925.175,2857.2419500702545,-2857.2419500702545,-0.27278746888705296,-0.31853650426383473
CA--DE,CA,DE,6146.549872089064,10,6230.5,6317.5,6238.125,6238.124999994759,256.64989122668,65869.16666666667,5800.0,6600.0,6025.0,6365.0,340.0,200.0,0.041192503206272366,0,0,6088.4625,6380.5,83.95012791093632,83.95012791093632,0.01365808944171207,0.013565658408002475
CA--EG,CA,EG,8876.40462189037,10,7735.6,7793.0,7743.25,7746.897857127817,398.19347614500725,158558.04444444447,7100.0,8310.0,7437.5,8000.0,562.5,275.0,0.051475448077073174,0,0,7503.56,7973.075,1140.8046218903692,-1140.8046218903692,-0.1285210251769051,-0.13756353958778522
CA--FJ,CA,FJ,12653.111746459324,10,15116.8,15140.0,15192.75,15157.194444342631,1359.6444633310086,1848633.0666666664,12900.0,16726.0,14190.5,16325.0,2134.5,1250.0,0.08994261109037685,0,0,14322.59,15909.48,2463.688253540675,2463.688253540675,0.19471006839326144,0.17790353535492381
CA--FR,CA,FR,5663.62568366498,10,5656.0,5600.0,5650.0,5604.447799982534,76.47802879839993,5848.88888888889,5590.0,5770.0,5600.0,5737.5,137.5,5.0,0.01352157510579914,0,0,5614.975,5704.0,7.625683664979988,-7.625683664979988,-0.0013464314364866965,-0.0013473386897542836
CA--GB,CA,GB,5378.074759985251,10,5506.0,5525.0,5528.75,5528.142555556804,103.27417661523889,10665.555555555555,5240.0,5590.0,5488.75,5570.0,81.25,45.0,0.018756661208724826,1,0,5433.4875,5555.0125,127.92524001474885,127.92524001474885,0.023786437661030148,0.02350794789463633
CA--IN,CA,IN,11362.94782650969,10,9726.0,9780.0,9682.5,9689.419999977472,391.1294187634346,152982.2222222222,9300.0,10500.0,9350.0,9875.0,525.0,300.0,0.04021482816815079,0,0,9500.0,9960.0,1636.9478265096895,-1636.9478265096895,-0.14406013751913038,-0.15555515941946424
CA--JP,CA,JP,10343.49118277986,10,9804.0,9750.0,9792.5,9780.000000001102,225.29980026622306,50760.00000000001,9500.0,10200.0,9685.0,9925.0,240.0,145.0,0.02298039578398848,0,0,9681.0,9943.0,539.4911827798605,-539.4911827798605,-0.05215755234345062,-0.05356698499406075
CA--KE,CA,KE,11852.842570511928,10,9635.5,9775.0,9675.625,9731.189000004393,547.9884933909551,300291.3888888889,8500.0,10450.0,9380.0,9941.25,561.25,205.0,0.0568718274496347,1,0,9280.4375,9943.05,2217.342570511928,-2217.342570511928,-0.18707264163183435,-0.20711352352694173
CA--MX,CA,MX,3598.308798337808,10,3372.6,3492.5,3396.25,3462.7396666104373,367.7248971717852,135221.59999999998,2783.0,3773.0,3067.25,3666.5,599.25,185.0,0.10903305970817327,0,0,3150.1025,3580.2124999999996,225.70879833780828,-225.70879833780828,-0.06272635590421576,-0.06477999658825129
CA--NG,CA,NG,8769.14706891505,10,8144.8,8215.0,8116.5,8116.499998319877,515.9629185642445,266217.7333333332,7400.0,9116.0,7749.0,8426.25,677.25,367.5,0.0633487524020534,0,0,7868.86,8454.52,624.3470689150499,-624.3470689150499,-0.07119815234120556,-0.07385985930371294
CA--NZ,CA,NZ,14472.518850835871,10,17364.1,17650.0,17466.25,17572.4941428729,780.2943105720501,608859.211111111,15700.0,18211.0,17307.5,17850.0,542.5,285.0,0.044937215897861114,2,0,16894.0725,17765.275,2891.581149164127,2891.581149164127,0.19979805719839305,0.182153256964327
CA--SA,CA,SA,10317.222965793204,10,8301.6,8320.0,8304.25,8299.626857118898,432.96964225117574,187462.7111111111,7682.0,8900.0,7948.75,8550.0,601.25,380.0,0.05215496316989204,0,0,8032.79,8553.0175,2015.6229657932035,-2015.6229657932035,-0.19536487410187897,-0.2173663640707133
CA--TH,CA,TH,13440.553542475436,10,9839.1,9850.0,9798.875,9820.058333373401,332.8484640192891,110788.09999999999,9400.0,10600.0,9637.5,9930.75,293.25,125.0,0.03382915754685785,1,0,9648.9975,10053.2225,3601.453542475436,-3601.453542475436,-0.26795425732236117,-0.31191227697646956
CA--US,CA,US,731.9154882007512,10,878.2,880.0,877.375,884.1666666691249,59.64487497774735,3557.511111111112,783.0,980.0,871.25,900.0,28.75,20.0,0.06791718854218555,3,0,838.7,911.5074999999999,146.2845117992489,146.2845117992489,0.19986530433842342,0.18220930410921068
CA--ZA,CA,ZA,13053.851270111287,10,10778.5,10750.0,10768.75,10770.077857134247,262.2557064308717,68778.05555555558,10370.0,11265.0,10625.0,10937.5,312.5,175.0,0.024331373236616573,0,0,10626.975,10926.5375,2275.351270111287,-2275.351270111287,-0.17430497889316682,-0.19152979748267093
CN--DE,CN,DE,7374.095211881501,10,6580.0,6450.0,6440.0,6441.5699999894405,465.3314231097373,216533.33333333334,6380.0,7900.0,6400.0,6465.0,65.0,50.0,0.07071906126287801,1,0,6416.0,6880.0,794.0952118815012,-794.0952118815012,-0.1076871384304906,-0.11393846622775465
CN--EG,CN,EG,7555.922022804329,10,6160.6,6160.0,6184.5,6184.499999940745,525.6226360760688,276279.1555555555,5250.0,6880.0,5789.0,6575.0,786.0,450.0,0.08532003961887946,0,0,5843.07,6477.245,1395.3220228043283,-1395.3220228043283,-0.1846660167472803,-0.20415745428236787
CN--FJ,CN,FJ,9087.647388686939,10,11056.5,10859.0,11011.875,10988.447228574163,692.6841913086287,479811.3888888889,10170.0,12300.0,10577.5,11445.0,867.5,481.0,0.0626494995078577,0,0,10637.779999999999,11522.865,1968.852611313061,1968.852611313061,0.21665151904595825,0.19610242874957484
CN--FR,CN,FR,8235.539912036413,10,7040.0,6850.0,7012.5,6941.4735698574095,634.1223155757185,402111.1111111111,6400.0,7900.0,6512.5,7687.5,1175.0,425.0,0.09007419255336911,0,0,6689.875,7425.125,1195.5399120364127,-1195.5399120364127,-0.14516837084222084,-0.15685075439930476
CN--GB,CN,GB,8159.495498560135,10,7165.0,7150.0,7150.0,7165.000000003515,708.3039209579772,501694.44444444444,6450.0,8000.0,6500.0,7775.0,1275.0,650.0,0.09885609503949437,0,0,6750.0,7570.0,994.4954985601353,-994.4954985601353,-0.12188198384760784,-0.12997427962771868
CN--IN,CN,IN,3786.344323933427,10,3494.2,3680.0,3611.5,3689.8448571104987,548.7144167152082,301087.5111111112,2150.0,3900.0,3615.0,3805.0,190.0,110.0,0.15703577835132743,2,0,3142.95,3754.21,292.14432393342713,-292.14432393342713,-0.07715735784693091,-0.08029654422148237
CN--JP,CN,JP,2104.0237532057217,10,2100.0,2100.0,2100.0,2100.0,0.0,0.0,2100.0,2100.0,2100.0,2100.0,0.0,0.0,0.0,0,0,2100.0,2100.0,4.023753205721732,-4.023753205721732,-0.001912408640630165,-0.0019142396288053267
CN--KE,CN,KE,9214.097058911791,10,6737.7,6793.5,6715.875,6748.819333303673,385.69649841408835,148761.78888888887,6150.0,7500.0,6502.5,6887.5,385.0,170.0,0.057244534249682885,1,0,6516.985,6955.7575,2476.3970589117916,-2476.3970589117916,-0.2687617726488612,-0.3130159799145368
CN--MX,CN,MX,12474.484204037479,10,11428.1,11450.0,11435.125,11446.833333309416,295.57193145944467,87362.76666666666,10900.0,11900.0,11285.75,11600.0,314.25,159.5,0.02586361087665007,0,0,11256.2,11590.0,1046.3842040374784,-1046.3842040374784,-0.0838819615242133,-0.08761005964529282
CN--NG,CN,NG,10936.133047329091,10,8250.3,8158.5,8194.5,8194.50000171382,500.03578760813593,250035.78888888884,7650.0,9297.0,7915.75,8537.5,621.75,366.5,0.06060819456360811,0,0,7968.849999999999,8571.5175,2685.8330473290916,-2685.8330473290916,-0.24559257241160276,-0.28182270202154164
CN--NZ,CN,NZ,10759.510305075924,10,10520.0,10500.0,10462.5,10462.50000000301,436.65394383500836,190666.66666666663,10000.0,11500.0,10175.0,10675.0,500.0,250.0,0.041507028881654785,1,0,10270.0,10800.25,239.5103050759244,-239.5103050759244,-0.02226033511608169,-0.022511835707755966
CN--SA,CN,SA,6606.426919492859,10,5723.6,5535.0,5656.0,5656.000001942263,774.6818988749153,600132.0444444445,4750.0,7238.0,5168.75,6187.5,1018.75,558.5,0.13534871389945405,0,0,5295.8,6235.235,882.8269194928589,-882.8269194928589,-0.13363152733711448,-0.14344497285070112
CN--TH,CN,TH,3289.9112641123884,10,3765.1,3755.0,3756.375,3759.5571715407127,55.89762467622792,3124.5444444444447,3700.0,3900.0,3750.0,3779.0,29.0,23.0,0.014846252337581451,3,0,3736.6,3799.6124999999997,475.18873588761153,475.18873588761153,0.14443816192587083,0.1349138283049667
CN--US,CN,US,11169.116898963428,10,10737.2,11100.0,10821.5,10973.797771464366,724.5615992523417,524989.511111111,9400.0,11400.0,10700.0,11157.5,457.5,206.0,0.06748142898077168,2,0,10247.145,11132.295,431.91689896342723,-431.91689896342723,-0.03867064002199781,-0.03943820242523624
CN--ZA,CN,ZA,11648.376355581766,10,12543.0,12600.0,12547.5,12571.677143348516,199.8360439071101,39934.44444444444,12200.0,12850.0,12500.0,12637.5,137.5,100.0,0.015932077167113937,3,0,12421.975,12655.0,894.6236444182341,894.6236444182341,0.07680243298367853,0.07399593936312747
DE--EG,DE,EG,2891.4189080361066,10,1723.4,1712.0,1720.5,1713.910514284772,28.90674661735561,835.5999999999999,1700.0,1770.0,1700.0,1742.5,42.5,12.0,0.016773091921408616,0,0,1708.0,1740.01,1168.0189080361065,-1168.0189080361065,-0.40396045857963964,-0.517448269452463
DE--FJ,DE,FJ,15973.080004981164,10,16320.7,16258.0,16311.375,16292.236699999452,205.4588631440475,42213.34444444445,16000.0,16716.0,16203.0,16467.5,264.5,88.5,0.012588851161043798,0,0,16210.89,16440.245,347.61999501883656,347.61999501883656,0.02176286570344806,0.02152943521409441
DE--FR,DE,FR,880.1220118488678,10,933.8,876.5,927.25,879.1582400252499,82.70402381719741,6839.955555555556,870.0,1050.0,875.0,1022.5,147.5,4.0,0.08856717050460207,0,0,887.9975,986.5,53.677988151132126,53.677988151132126,0.06098925765800477,0.05920173484732453
DE--GB,DE,GB,933.6780131656095,10,931.0,930.0,930.0,930.1111111111111,3.1622776601683795,10.000000000000002,930.0,940.0,930.0,930.0,0.0,0.0,0.003396646251523501,1,0,930.0,933.0,2.6780131656095136,-2.6780131656095136,-0.0028682405795653087,-0.0028723618640198673
DE--IN,DE,IN,5791.273241523696,10,5820.8,5800.0,5826.0,5836.934999999077,279.74146794654683,78255.28888888888,5300.0,6300.0,5762.5,5987.5,225.0,175.0,0.04805893828108625,1,0,5648.755,5981.8,29.526758476304167,29.526758476304167,0.005098491686525158,0.005085538387322764
DE--JP,DE,JP,8941.116372895822,10,8750.0,8900.0,8812.5,8830.66785712852,343.18767136623336,117777.7777777778,7900.0,9100.0,8700.0,8937.5,237.5,125.0,0.03922144815614095,1,0,8544.75,8915.125,191.11637289582177,-191.11637289582177,-0.0213750011659812,-0.021606754945507234
DE--KE,DE,KE,6352.944306361189,10,6161.8,6190.0,6183.5,6177.9999999931515,316.6371214287211,100259.06666666668,5450.0,6700.0,6090.0,6251.0,161.0,99.0,0.05138711438682221,2,0,5958.56,6331.8,191.14430636118868,-191.14430636118868,-0.030087514881847195,-0.03054943308259296
DE--MX,DE,MX,9740.126910212532,10,9220.0,9200.0,9237.5,9237.500000001393,220.10098692292237,48444.444444444445,8700.0,9600.0,9200.0,9300.0,100.0,50.0,0.023872124395110886,2,0,9080.0,9340.0,520.1269102125316,-520.1269102125316,-0.05340042434839099,-0.054879109797002015
DE--NG,DE,NG,4846.239230895395,10,4511.3,4373.5,4459.375,4423.719625013585,411.9749318155711,169723.34444444446,4100.0,5338.0,4198.5,4673.75,475.25,222.5,0.09132066850255383,0,0,4291.2625,4769.625,334.93923089539476,-334.93923089539476,-0.06911322675944562,-0.07161762753238939
DE--NZ,DE,NZ,18133.546853189033,10,17335.0,17675.0,17381.25,17537.10333336716,701.6053021464419,492250.0,16300.0,18000.0,16600.0,17950.0,1350.0,325.0,0.04047333730293867,0,0,16894.75,17730.0,798.5468531890328,-798.5468531890328,-0.04403699175093247,-0.04503606097951806
DE--SA,DE,SA,4176.916396262325,10,4137.2,4095.0,4145.625,4109.756400457657,230.98234660779693,53352.84444444444,3690.0,4517.0,4057.5,4271.25,213.75,70.0,0.05583059716905079,1,0,3997.9875,4277.929999999999,39.71639626232536,-39.71639626232536,-0.009508544700072332,-0.009554039534019705
DE--TH,DE,TH,8612.78119439707,10,8214.0,8125.0,8205.0,8213.95855552099,444.6771612954479,197737.77777777778,7700.0,8800.0,7862.5,8647.5,785.0,395.0,0.054136493948800574,0,0,7952.9,8474.0,398.78119439707007,-398.78119439707007,-0.046301094315096714,-0.04740726983957358
DE--US,DE,US,6726.290515021435,10,6502.0,6475.0,6490.0,6484.826000003217,95.66144004305555,9151.111111111111,6400.0,6700.0,6450.0,6552.5,102.5,50.0,0.014712617662727707,0,0,6450.0,6565.025,224.29051502143466,-224.29051502143466,-0.03334535053467281,-0.033913983340546724
DE--ZA,DE,ZA,8785.190433813566,10,9695.0,9725.0,9701.25,9711.268333330361,123.40088240275179,15227.777777777777,9490.0,9850.0,9617.5,9792.5,175.0,75.0,0.012728301434012563,0,0,9611.975,9763.075,909.8095661864336,909.8095661864336,0.10356173529086427,0.09854289013471626
EG--FJ,EG,FJ,16456.426551141787,10,15500.0,14850.0,15362.5,15085.035000003947,1283.8586803504159,1648293.1111111112,14300.0,17800.0,14800.0,15747.25,947.25,425.0,0.082829592280672,2,0,14819.9075,16285.0875,956.4265511417871,-956.4265511417871,-0.058118726332809345,-0.05987604879575343
EG--FR,EG,FR,3214.633946258294,10,3237.3,3225.0,3222.875,3224.451666789382,57.32567778346221,3286.233333333333,3200.0,3390.0,3200.0,3245.75,45.75,25.0,0.01770786698281352,1,0,3211.6,3273.6349999999998,22.666053741706037,22.666053741706037,0.007050897278083067,0.007026155932913711
EG--GB,EG,GB,3513.224272125026,10,3269.0,3225.0,3233.75,3233.75000003924,326.03510376781344,106298.88888888888,2800.0,4020.0,3077.5,3400.0,322.5,175.0,0.09973542482955443,1,0,3092.0,3473.025,244.2242721250259,-244.2242721250259,-0.0695157078535448,-0.07205008413156627
EG--IN,EG,IN,4435.964091411309,10,3575.7,3400.0,3538.375,3447.6567000335135,441.7168650718341,195113.7888888889,3100.0,4350.0,3262.5,3894.25,631.75,188.5,0.12353297677988481,0,0,3354.9425,3868.7,860.264091411309,-860.264091411309,-0.193929453368865,-0.21558401346812248
EG--JP,EG,JP,9586.616311745503,10,9637.0,9650.0,9646.25,9646.24999997701,350.7468222711837,123023.33333333333,9000.0,10200.0,9442.5,9850.0,407.5,250.0,0.03639585164171254,0,0,9420.0,9844.075,50.38368825449652,50.38368825449652,0.005255627910419918,0.00524186529777405
EG--KE,EG,KE,3517.610461321371,10,3715.6,3355.0,3513.25,3372.222033186711,872.5845645106394,761403.8222222222,3100.0,5950.0,3226.25,3931.25,705.0,148.5,0.23484351504753995,1,0,3308.335,4269.62,197.98953867862883,197.98953867862883,0.05628523705386501,0.05475825965716598
EG--MX,EG,MX,12386.314913876035,10,9790.0,9825.0,9812.5,9830.408749999286,648.4168755086841,420444.4444444444,8800.0,10600.0,9387.5,10350.0,962.5,525.0,0.06623257155349174,0,0,9409.75,10180.125,2596.3149138760346,-2596.3149138760346,-0.2096115698598505,-0.23523077063619538
EG--NG,EG,NG,3387.4680508755546,10,3854.7,4075.0,3842.0,3841.9999999024158,522.0423673738878,272528.2333333333,3150.0,4661.0,3322.0,4193.0,871.0,395.5,0.13543008985754737,0,0,3544.9125,4155.1125,467.23194912444524,467.23194912444524,0.1379295515432774,0.12921042828991605
EG--NZ,EG,NZ,16524.182617665698,10,16340.0,16637.5,16420.625,16433.580361881362,1226.1026783176758,1503327.777777778,14100.0,17935.0,15650.0,17050.0,1400.0,937.5,0.07503688361797281,0,0,15640.975,17033.2875,184.18261766569776,-184.18261766569776,-0.011146246802476724,-0.011208831703762205
EG--SA,EG,SA,1646.868560351307,10,1522.2,1405.0,1471.5,1419.2136714554351,286.30318040690906,81969.51111111112,1300.0,2150.0,1332.75,1566.25,233.5,81.5,0.18808512705748853,1,0,1375.195,1717.005,124.66856035130695,-124.66856035130695,-0.07570037060195799,-0.0787189856656757
EG--TH,EG,TH,7278.235334714449,10,7436.4,7490.0,7462.625,7525.166666650787,409.4251254299537,167628.93333333332,6713.0,7950.0,7412.5,7690.75,278.25,170.5,0.055056899229459645,2,0,7183.9975,7657.132500000001,158.16466528555065,158.16466528555065,0.021731183179961852,0.021498427026420814
EG--US,EG,US,9366.819693047106,10,9135.9,9127.0,9126.75,9120.666666650208,272.847719026159,74445.8777777778,8745.0,9600.0,9000.0,9252.5,252.5,135.0,0.029865445005545048,0,0,8980.9375,9292.377499999999,230.9196930471062,-230.9196930471062,-0.0246529452486969,-0.024961917729659805
EG--ZA,EG,ZA,6178.42759423283,10,7070.1,7125.0,7082.625,7086.820571448924,693.3712249261254,480763.65555555554,6010.0,8030.0,6532.0,7650.0,1118.0,560.0,0.0980709219001323,0,0,6658.5375,7502.46,891.67240576717,891.67240576717,0.144320280875265,0.13481081957455154
FJ--FR,FJ,FR,16576.81749979109,10,16832.2,16823.5,16815.25,16817.114099996837,194.76869472388123,37934.84444444444,16600.0,17200.0,16658.75,16954.5,295.75,156.5,0.01157119655920683,0,0,16726.074999999997,16950.5325,255.38250020891064,255.38250020891064,0.015406003004625532,0.015288535474116106
FJ--GB,FJ,GB,16299.555426240808,10,17271.1,17150.0,17252.0,17236.083625000058,387.51758383043443,150169.8777777778,16835.0,17860.0,16962.5,17566.5,604.0,282.5,0.022437342371385404,0,0,17068.4625,17494.115,971.5445737591908,971.5445737591908,0.05960558729074856,0.05789675142070182
FJ--IN,FJ,IN,12028.323263938093,10,10610.8,10595.5,10551.625,10557.374573491505,570.1981721783714,325125.95555555564,10000.0,11695.0,10075.0,10841.75,766.75,445.5,0.053737528949595825,0,0,10277.5,10969.34,1417.5232639380938,-1417.5232639380938,-0.11784878347823805,-0.12539179036717005
FJ--JP,FJ,JP,7219.789289468397,10,7520.7,7408.5,7520.875,7520.699999995345,644.4294720482952,415289.3444444445,6740.0,8300.0,7012.5,8187.5,1175.0,625.0,0.08568743229330983,0,0,7165.365,7902.44,300.9107105316025,300.9107105316025,0.041678600090247084,0.04083345054127194
FJ--KE,FJ,KE,15310.34174379079,10,15986.6,15839.5,15921.375,15872.324233349684,723.2828246574395,523138.04444444436,15058.0,17437.0,15500.0,16450.0,950.0,389.5,0.04524306761021352,0,0,15596.8925,16449.52,676.2582562092102,676.2582562092102,0.04417003013557625,0.04322234031406356
FJ--MX,FJ,MX,9915.918583166904,10,13649.5,13889.0,13663.25,13663.249999189617,2012.2229968094712,4049041.388888889,10400.0,16789.0,12012.5,14945.25,2932.75,1550.0,0.14742100419864984,0,0,12444.9675,14852.0275,3733.5814168330962,3733.5814168330962,0.3765240088972857,0.3195614874369991
FJ--NG,FJ,NG,18616.55968810009,10,16480.3,16383.0,16479.75,16418.105266679475,533.4712425863897,284591.5666666667,15500.0,17465.0,16225.0,16786.5,561.5,183.0,0.03237023856279253,0,0,16178.94,16823.260000000002,2136.25968810009,-2136.25968810009,-0.1147505083587281,-0.12188576224471201
FJ--NZ,FJ,NZ,2591.8075392647534,10,2278.3,2194.5,2219.5,2202.5018285765073,228.40220372550408,52167.56666666667,2127.0,2900.0,2178.25,2225.75,47.5,28.0,0.10025115381007947,2,0,2183.0975,2425.8025000000002,313.5075392647532,-313.5075392647532,-0.12096096431361154,-0.1289259730834876
FJ--SA,FJ,SA,14993.206576183224,10,16507.3,16697.5,16571.625,16687.206457831046,890.2455404113083,792537.1222222224,14600.0,17900.0,16530.5,16843.75,313.25,198.0,0.05393041505341929,3,0,15980.359999999999,16997.5,1514.0934238167756,1514.0934238167756,0.1009852973160471,0.09620550371499977
FJ--TH,FJ,TH,9249.359232089999,10,8042.5,7076.0,7990.625,7506.6645639636,1616.7294317713015,2613814.0555555555,6200.0,10300.0,6899.25,9794.0,2894.75,626.0,0.2010232429930123,0,0,7074.7275,9038.115,1206.8592320899988,-1206.8592320899988,-0.13048030699282237,-0.1398142967873728
FJ--US,FJ,US,12497.831524726587,10,16506.5,16550.0,16525.0,16537.228750006092,299.59277917422065,89755.83333333334,16000.0,16865.0,16312.5,16737.5,425.0,225.0,0.01814998813644447,0,0,16321.5,16679.5125,4008.6684752734127,4008.6684752734127,0.32074912094489205,0.2781990914893936
FJ--ZA,FJ,ZA,14189.452435443198,10,16386.2,16500.0,16480.75,16509.833333396968,778.6716324042574,606329.5111111109,14716.0,17300.0,16100.0,16853.75,753.75,439.0,0.04751996389670926,1,0,15910.1175,16784.747499999998,2196.747564556803,2196.747564556803,0.1548155275583183,0.14394061481801002
FR--GB,FR,GB,341.1497977927973,10,343.6,344.0,343.875,343.85714285714283,1.4298407059684812,2.0444444444444447,340.0,345.0,343.25,344.0,0.75,0.5,0.004161352462073577,1,0,342.7,344.3,2.4502022072027216,2.4502022072027216,0.0071821886545302615,0.0071565195711142246
FR--IN,FR,IN,6600.894573294016,10,6334.4,6339.5,6336.75,6334.399999974286,395.99135793039164,156809.15555555554,5900.0,6750.0,5966.25,6695.0,728.75,372.0,0.06251442250732377,0,0,6106.9975,6562.9275,266.49457329401594,-266.49457329401594,-0.04037249350598677,-0.04121008388592831
FR--JP,FR,JP,9737.965704971102,10,9705.2,9700.0,9704.0,9700.42857142857,8.456424250894175,71.5111111111111,9700.0,9720.0,9700.0,9711.25,11.25,0.0,0.0008713292102062991,0,0,9700.0,9710.6,32.76570497110151,-32.76570497110151,-0.0033647381767195027,-0.0033704116382683546
FR--KE,FR,KE,6470.452307387349,10,6051.0,6080.0,6070.0,6076.684999999297,154.59265470548362,23898.888888888887,5750.0,6200.0,6000.0,6187.5,187.5,100.0,0.02554828205345953,0,0,5956.0,6140.0,419.4523073873488,-419.4523073873488,-0.0648258093036955,-0.0670224668352278
FR--MX,FR,MX,9207.427444723564,10,9217.0,9200.0,9205.0,9200.428571426228,40.565447804203465,1645.5555555555557,9200.0,9330.0,9200.0,9215.0,15.0,0.0,0.004401155235348103,1,0,9200.0,9245.0,9.572555276436105,9.572555276436105,0.0010396557924463236,0.0010391157246536355
FR--NG,FR,NG,4437.067941067861,10,4274.4,4292.0,4276.75,4281.124866677632,104.424560755068,10904.488888888887,4130.0,4400.0,4177.25,4360.0,182.75,79.0,0.024430226641181923,0,0,4215.29,4333.905,162.66794106786165,-162.66794106786165,-0.036661133710004144,-0.0373500430066341
FR--NZ,FR,NZ,18980.580816307895,10,18740.0,18600.0,18712.5,18712.500000050313,544.0588203494177,296000.0,18000.0,19700.0,18350.0,19150.0,800.0,400.0,0.029031954127503614,0,0,18440.0,19040.0,240.58081630789457,-240.58081630789457,-0.01267510297162194,-0.012756117394748683
FR--SA,FR,SA,4695.389253154605,10,4276.5,4175.0,4210.625,4175.8333332946,392.14091854842184,153774.5,3880.0,5200.0,4062.5,4282.25,219.75,118.5,0.09169669555674544,2,0,4073.3975,4545.3325,418.8892531546053,-418.8892531546053,-0.08921289174761685,-0.09344609920499715
FR--TH,FR,TH,9456.38937182292,10,8920.0,9200.0,8962.5,9175.174000012494,476.2119042797836,226777.77777777778,8200.0,9300.0,8512.5,9200.0,687.5,50.0,0.0533869847847291,0,0,8615.0,9195.0,536.3893718229192,-536.3893718229192,-0.05672242869156717,-0.05839469044730176
FR--US,FR,US,6177.576314828088,10,6106.8,6150.0,6117.25,6133.729856973218,93.07201512807165,8662.4,5930.0,6200.0,6100.0,6163.5,63.5,35.0,0.015240717745475805,2,0,6043.0,6154.6,70.77631482808738,-70.77631482808738,-0.01145697134622237,-0.011523108078797256
FR--ZA,FR,ZA,8652.154951764032,10,9796.8,9860.0,9808.5,9829.074200603669,285.55629917758773,81542.4,9300.0,10200.0,9580.0,9937.5,357.5,165.0,0.029147915561978172,0,0,9632.595000000001,9957.05,1144.645048235967,1144.645048235967,0.13229594876853107,0.12424738445327117
GB--IN,GB,IN,6724.002102971842,10,6157.0,6100.0,6140.0,6122.452857149507,222.81282628151268,49645.55555555555,5950.0,6500.0,5962.5,6320.0,357.5,150.0,0.03618853764520265,0,0,6035.975,6293.1,567.0021029718419,-567.0021029718419,-0.08432509304558977,-0.08809388237332123
GB--JP,GB,JP,9584.855356731166,10,9508.0,9500.0,9503.75,9500.25,17.511900715418264,306.6666666666667,9500.0,9550.0,9500.0,9500.0,0.0,0.0,0.0018418069746969146,2,0,9500.0,9521.0,76.85535673116647,-76.85535673116647,-0.008018415914559752,-0.008050736299585182
GB--KE,GB,KE,6804.487905463708,10,5716.3,5725.0,5720.375,5716.300000000104,245.51806903407785,60279.12222222222,5400.0,6000.0,5473.75,5935.0,461.25,239.0,0.042950522021950883,0,0,5571.9825,5854.115000000001,1088.1879054637075,-1088.1879054637075,-0.15992208680243813,-0.17426063763952482
GB--MX,GB,MX,8941.67963886513,10,9300.0,9300.0,9293.75,9293.749999761187,102.74023338281627,10555.555555555555,9150.0,9500.0,9225.0,9337.5,112.5,75.0,0.01104733692288347,0,0,9245.0,9360.0,358.32036113487084,358.32036113487084,0.04007304842117432,0.03929094955316149
GB--NG,GB,NG,4755.038491838242,10,4958.4,4910.0,4944.25,4924.1471714288855,114.65135556692442,13144.933333333332,4830.0,5200.0,4900.0,4959.75,59.75,27.0,0.0231226515744846,2,0,4899.29,5034.6025,203.36150816175723,203.36150816175723,0.04276758400816647,0.04187831706294215
GB--NZ,GB,NZ,18806.422712162086,10,18219.0,18245.0,18186.25,18198.50222222199,230.09418361473925,52943.33333333334,18000.0,18700.0,18000.0,18300.0,300.0,200.0,0.01262935307177887,0,0,18090.0,18359.025,587.4227121620861,-587.4227121620861,-0.031235217944037847,-0.031733439534519
GB--SA,GB,SA,4954.835444629185,10,4814.0,4900.0,4838.75,4878.208800203389,244.54947238635467,59804.444444444445,4300.0,5130.0,4767.5,4900.0,132.5,60.0,0.05079964112720288,3,0,4653.875,4949.0,140.83544462918508,-140.83544462918508,-0.028423838935326146,-0.02883561790577056
GB--TH,GB,TH,9543.363933383182,10,9553.8,9550.0,9556.625,9558.301285714151,45.74032988269518,2092.1777777777775,9470.0,9615.0,9542.5,9587.5,45.0,35.0,0.004787658301690969,1,0,9525.8975,9579.0,10.436066616817698,10.436066616817698,0.0010935417206831854,0.0010929442394765209
GB--US,GB,US,5912.468929291367,10,5559.0,5570.0,5565.0,5569.666666666685,34.14023367751832,1165.5555555555559,5470.0,5600.0,5555.0,5570.0,15.0,0.0,0.0061414343726422585,2,0,5538.0,5575.025,353.4689292913672,-353.4689292913672,-0.05978364258968408,-0.06164526274477003
GB--ZA,GB,ZA,8991.386014264714,10,9733.6,9560.0,9667.0,9567.801142594273,465.03122953673176,216254.0444444445,9300.0,10700.0,9500.0,9657.0,157.0,80.0,0.047775872188782334,2,0,9493.0,10013.09,742.2139857352868,742.2139857352868,0.08254722737493132,0.07931680800281442
IN--JP,IN,JP,5855.550160203252,10,6016.8,5940.5,5953.5,5934.006471569302,253.36131424421438,64191.95555555555,5840.0,6700.0,5900.0,5949.25,49.25,40.5,0.04210898056179603,2,0,5909.59,6178.2375,161.24983979674835,161.24983979674835,0.027537948678617623,0.027165599726797805
IN--KE,IN,KE,5427.9212039634995,10,6179.1,6137.5,6130.125,6130.125000000068,359.2406961603568,129053.87777777777,5750.0,7000.0,5929.5,6323.5,394.0,224.0,0.05813802918877454,1,0,5983.7925000000005,6418.650000000001,751.1787960365009,751.1787960365009,0.13839161767639255,0.12961640451656592
IN--MX,IN,MX,14673.684770062055,10,14041.2,14000.0,14028.375,14026.636428555692,278.38414705822123,77497.73333333334,13600.0,14585.0,13887.5,14175.0,287.5,175.0,0.019826236152054044,0,0,13888.88,14205.5675,632.4847700620539,-632.4847700620539,-0.04310333634483407,-0.04405987282107118
IN--NG,IN,NG,7553.544289460008,10,6959.1,6730.5,6867.625,6873.3821357484085,711.8282330262922,506699.43333333335,6190.0,8460.0,6499.25,7392.5,893.25,492.0,0.1022873982305603,0,0,6579.1925,7378.1975,594.4442894600079,-594.4442894600079,-0.0786973990858143,-0.08196673977974997
IN--NZ,IN,NZ,12641.150365211413,10,12847.0,12685.0,12821.25,12796.589750048575,1480.9460189727076,2193201.1111111115,11000.0,14900.0,11700.0,13900.0,2200.0,1215.0,0.11527563002823286,0,0,11999.5,13700.35,205.84963478858663,205.84963478858663,0.01628409035898245,0.016152926565945275
IN--SA,IN,SA,3053.56116017884,10,3701.4,3722.0,3723.0,3714.0000000021296,304.97293140357374,93008.4888888889,3035.0,4195.0,3638.75,3778.75,140.0,79.5,0.0823939405099621,3,0,3521.875,3875.06,647.83883982116,647.83883982116,0.2121584621489021,0.1924026234481044
IN--TH,IN,TH,2916.5977506210074,10,2331.6,2407.5,2327.5,2365.3480000076443,166.42262132561456,27696.488888888896,2096.0,2600.0,2187.5,2417.75,230.25,60.0,0.0713770034849951,0,0,2230.0899999999997,2421.6675,584.9977506210075,-584.9977506210075,-0.20057539662315405,-0.22386305587448993
IN--US,IN,US,12068.739151501237,10,12098.0,12050.0,12060.0,12059.782499997069,153.96969398770224,23706.66666666667,12000.0,12500.0,12000.0,12122.5,122.5,50.0,0.012726871713316436,1,0,12025.0,12203.0,29.260848498763153,29.260848498763153,0.0024245157784459513,0.002421581382102407
IN--ZA,IN,ZA,7970.766596356072,10,9622.0,9467.5,9549.75,9535.500000000964,1221.2046875478693,1491340.888888889,7957.0,11865.0,8912.0,10332.5,1420.5,885.0,0.1269179679430336,0,0,8896.599999999999,10335.07,1651.2334036439279,1651.2334036439279,0.2071611787502106,0.18827146986148593
JP--KE,JP,KE,11264.009284773352,10,10216.0,9840.0,10072.5,9933.882666577565,783.3858138448343,613693.3333333334,9600.0,11980.0,9625.0,10662.5,1037.5,240.0,0.07668224489475668,0,0,9821.0,10707.075,1048.0092847733522,-1048.0092847733522,-0.09304052032255046,-0.09765750497251571
JP--MX,JP,MX,11318.783890147193,10,10686.0,10800.0,10707.5,10785.869999997905,402.9943479063254,162404.44444444444,10000.0,11200.0,10565.0,10900.0,335.0,150.0,0.037712366452023714,2,0,10426.0,10888.05,632.7838901471932,-632.7838901471932,-0.055905642893139845,-0.05752916326940889
JP--NG,JP,NG,12973.378381681048,10,10150.2,9944.0,10114.75,10015.11533332891,486.9062880404537,237077.73333333328,9600.0,10984.0,9800.0,10575.0,775.0,210.0,0.047970117637135594,0,0,9882.769999999999,10479.89,2823.1783816810475,-2823.1783816810475,-0.21761319978668728,-0.24540603129684976
JP--NZ,JP,NZ,9244.785239978763,10,8810.0,9200.0,8850.0,9027.609999903761,707.8135347674555,500999.99999999994,7800.0,9500.0,8050.0,9300.0,1250.0,300.0,0.08034205842990415,0,0,8360.0,9200.25,434.78523997876255,-434.78523997876255,-0.04703032344099768,-0.04817219476491042
JP--SA,JP,SA,8708.898067343061,10,7684.3,7642.5,7690.25,7679.570300010913,229.9492939275478,52876.677777777775,7300.0,8021.0,7525.0,7819.25,294.25,158.5,0.029924559677205184,0,0,7545.9975,7816.83,1024.5980673430613,-1024.5980673430613,-0.11764956478077702,-0.1251659830429197
JP--TH,JP,TH,4607.791688159286,10,4090.5,4050.0,4053.75,4066.3821428348524,262.38701272060786,68846.94444444442,3775.0,4700.0,4000.0,4187.5,187.5,125.0,0.06414546210013637,1,0,3951.0,4262.6875,517.2916881592864,-517.2916881592864,-0.11226455603203132,-0.11908150383747197
JP--US,JP,US,10926.417792606868,10,10833.0,10825.0,10828.75,10828.016250116001,38.02046232695699,1445.5555555555557,10800.0,10900.0,10800.0,10850.0,50.0,25.0,0.00350968912830767,0,0,10810.0,10856.0,93.4177926068678,-93.4177926068678,-0.008549718158322391,-0.008586476665158113
JP--ZA,JP,ZA,13501.046885089567,10,13260.3,13384.0,13294.125,13375.500000156999,1179.780963663265,1391883.1222222224,10950.0,15300.0,13012.5,13733.75,721.25,375.0,0.08897091043666171,2,0,12541.1925,13923.4075,240.7468850895675,-240.7468850895675,-0.01783171980207299,-0.01799262054526194
KE--MX,KE,MX,14829.575444959697,10,12118.2,12350.0,12222.75,12210.2711110075,802.4276775995315,643890.1777777778,10400.0,13000.0,11625.0,12675.0,1050.0,600.0,0.06621673826141931,0,0,11638.155,12538.2,2711.3754449596963,-2711.3754449596963,-0.18283567557432964,-0.20191507285839155
KE--NG,KE,NG,3444.024949628264,10,4025.6,4095.5,4057.375,4105.6309000323945,287.71096607533053,82777.59999999999,3497.0,4300.0,4004.25,4230.0,225.75,124.5,0.07147033139788617,2,0,3841.37,4175.902499999999,581.5750503717359,581.5750503717359,0.1688649353235693,0.15603313716946382
KE--NZ,KE,NZ,13676.249196022416,10,13710.3,13635.0,13671.125,13711.370142764308,791.173256766318,625955.1222222222,12500.0,15234.0,13424.25,14150.0,725.75,465.0,0.05770648758716571,0,0,13256.995,14207.282500000001,34.0508039775832,34.0508039775832,0.0024897765088608137,0.0024866821504383853
KE--SA,KE,SA,3062.992722793242,10,4107.1,4224.0,4140.125,4198.225871409614,340.75649500616845,116114.98888888891,3400.0,4550.0,4109.25,4267.0,157.75,76.5,0.08296766453365353,3,0,3883.1924999999997,4279.71,1044.1072772067582,1044.1072772067582,0.3408781449061371,0.2933247313460643
KE--TH,KE,TH,7217.238507509993,10,7723.1,7871.0,7680.125,7702.729833353538,931.4563805615852,867610.9888888886,6590.0,9200.0,6808.75,8397.25,1588.5,872.5,0.12060654148743188,0,0,7213.2575,8285.9425,505.86149249000755,505.86149249000755,0.07009072680134192,0.06774343628235033
KE--US,KE,US,12147.187581604869,10,11456.0,11500.0,11457.5,11485.174000002567,235.28705871764387,55359.99999999999,11000.0,11900.0,11350.0,11500.0,150.0,50.0,0.020538325656218912,2,0,11319.95,11596.0,691.1875816048687,-691.1875816048687,-0.05690103795314487,-0.05858405800881791
KE--ZA,KE,ZA,2855.2050138214963,10,4722.6,4858.0,4749.5,4788.499999831364,1061.4852487591777,1126750.9333333333,3000.0,6230.0,4127.5,5393.75,1266.25,707.5,0.22476713013153296,0,0,4081.075,5365.045,1867.394986178504,1867.394986178504,0.654031839093447,0.5032158461704256
MX--NG,MX,NG,11398.49344176858,10,9425.4,9502.5,9439.25,9453.611300879858,403.7929062169259,163048.71111111113,8750.0,9990.0,9173.25,9595.0,421.75,247.5,0.04284093048750461,0,0,9207.47,9656.0025,1973.0934417685803,-1973.0934417685803,-0.17310124814726716,-0.19007301968467163
MX--NZ,MX,NZ,11096.668791733968,10,13940.0,14000.0,13950.0,13983.9133333456,283.62729848243526,80444.44444444442,13400.0,14400.0,13825.0,14100.0,275.0,100.0,0.020346291139342557,1,0,13770.0,14100.0,2843.3312082660323,2843.3312082660323,0.2562328624590527,0.22811745090855862
MX--SA,MX,SA,13896.334176917055,10,11641.5,11750.0,11777.5,11780.607357142793,715.2973352234563,511650.2777777777,9740.0,12455.0,11700.0,11941.25,241.25,172.5,0.0614437430935409,2,0,11156.5,11968.7875,2254.8341769170547,-2254.8341769170547,-0.16226107894429584,-0.17704877709471314
MX--TH,MX,TH,15755.522525889133,10,14150.2,14100.0,14127.5,14116.064999998445,177.6774855992984,31569.28888888889,13982.0,14500.0,14000.0,14237.5,237.5,100.0,0.01255653528567076,0,0,14052.769999999999,14253.0,1605.3225258891325,-1605.3225258891325,-0.10188951355001405,-0.10746218211242024
MX--US,MX,US,3030.093510534221,10,3592.0,3600.0,3606.25,3603.7754444385655,109.2194528867861,11928.888888888889,3360.0,3710.0,3540.0,3687.5,147.5,85.0,0.030406306482958268,0,0,3520.975,3655.0,561.906489465779,561.906489465779,0.18544196326360635,0.17011566983243448
MX--ZA,MX,ZA,14607.47105898857,10,13112.0,12790.0,12990.0,12920.100666622435,755.9071077556789,571395.5555555556,12300.0,14900.0,12700.0,13485.0,785.0,270.0,0.05765002347129949,1,0,12729.95,13644.25,1495.4710589885708,-1495.4710589885708,-0.10237713653167546,-0.108005272759669
NG--NZ,NG,NZ,16223.187399540882,10,15960.0,16050.0,16012.5,16033.333333319168,445.22154285504,198222.22222222222,15000.0,16500.0,15825.0,16200.0,375.0,200.0,0.027896086645052633,1,0,15670.0,16200.0,263.1873995408823,-263.1873995408823,-0.0162229155750448,-0.016355947812536492
NG--SA,NG,SA,4500.0833361671885,10,4270.0,4246.5,4289.5,4280.999999937685,379.04323998427645,143673.77777777778,3541.0,4843.0,4119.25,4479.0,359.75,211.5,0.08876890866142306,1,0,4065.47,4482.1050000000005,230.08333616718846,-230.08333616718846,-0.05112868339970679,-0.05248208851252767
NG--TH,NG,TH,10098.775445297742,10,8737.9,8736.5,8661.375,8673.48594443534,975.0373725031149,950697.877777778,7588.0,10500.0,7870.5,9363.5,1493.0,797.5,0.11158715166151076,0,0,8181.49,9363.237500000001,1360.8754452977428,-1360.8754452977428,-0.13475648138422588,-0.14474428725951935
NG--US,NG,US,8912.837189115719,10,8449.7,8400.0,8418.5,8374.666666665236,281.9818946118507,79513.78888888887,8150.0,8999.0,8285.0,8451.0,166.0,110.0,0.03337182321406093,2,0,8300.975,8628.2425,463.1371891157178,-463.1371891157178,-0.05196293607621342,-0.05336168052536207
NG--ZA,NG,ZA,4454.133473532923,10,6516.3,6575.0,6501.25,6501.250002274968,887.384427529705,787451.1222222223,5224.0,7929.0,5825.0,7162.5,1337.5,795.0,0.1361791856620636,0,0,6010.4675,7016.29,2062.1665264670773,2062.1665264670773,0.4629781614585095,0.3804741946938406
NZ--SA,NZ,SA,14909.574515612963,10,13657.3,14575.0,14002.875,14507.753001687104,2372.4768140770802,5628646.233333332,8850.0,15700.0,13960.0,14798.25,838.25,475.0,0.1737149227209683,2,0,12103.385,14858.1075,1252.274515612964,-1252.274515612964,-0.08399129796102571,-0.08772941431058351
NZ--TH,NZ,TH,9738.52130758697,10,9639.6,9650.0,9644.5,9644.499999995158,497.0283247014757,247037.15555555557,8740.0,10500.0,9362.5,9950.0,587.5,325.0,0.05156109430904557,0,0,9347.59,9940.61,98.92130758697022,-98.92130758697022,-0.010157733855334257,-0.01020967567401667
NZ--US,NZ,US,14074.670366616207,10,19410.0,19600.0,19550.0,19602.096428584377,579.6550698475776,336000.00000000006,17900.0,19800.0,19500.0,19737.5,237.5,125.0,0.029863733634599567,2,0,19010.0,19670.0,5335.329633383793,5335.329633383793,0.3790731501633383,0.3214116432080121
NZ--ZA,NZ,ZA,11827.417766624114,10,16769.1,16700.0,16768.875,16768.875000113552,1199.9311508026894,1439834.7666666666,14800.0,18740.0,15998.25,17687.5,1689.25,959.5,0.07155608534761493,0,0,16094.775,17418.005,4941.682233375885,4941.682233375885,0.4178158183708415,0.3491175313597842
SA--TH,SA,TH,5743.87829967849,10,5989.0,5886.5,5893.75,5899.017828549373,624.838823662195,390423.55555555556,5300.0,7440.0,5657.5,6265.0,607.5,352.0,0.10433107758594005,1,0,5666.0425000000005,6390.6449999999995,245.1217003215097,245.1217003215097,0.04267529490226669,0.04178980914273641
SA--US,SA,US,10867.268528060538,10,10105.5,9795.0,10078.125,9938.300699050524,611.7663406526675,374258.0555555556,9430.0,11000.0,9612.5,10742.5,1130.0,282.5,0.06053795860201549,0,0,9749.4875,10462.5,761.7685280605383,-761.7685280605383,-0.07009751586551527,-0.0726755541019572
SA--ZA,SA,ZA,5917.429203536842,10,7951.1,7966.0,7942.125,7918.795414301642,618.4497554369312,382480.10000000003,7025.0,8949.0,7496.75,8281.25,784.5,441.5,0.07778165982529854,0,0,7587.75,8312.58,2033.6707964631587,2033.6707964631587,0.34367471523742704,0.29540818545450653
TH--US,TH,US,14169.831963403985,10,13263.0,13325.0,13298.75,13362.935000015956,410.82707905989946,168778.88888888888,12500.0,13740.0,13262.5,13550.0,287.5,175.0,0.03097542630324206,2,0,12994.975,13483.0,906.8319634039854,-906.8319634039854,-0.0639973688993655,-0.06613699150354445
TH--ZA,TH,ZA,8961.095963147978,10,9954.2,9940.0,9897.375,9876.943715274045,477.6602232642874,228159.2888888889,9400.0,10963.0,9615.0,10039.75,424.75,310.0,0.0479857972779618,1,0,9690.0,10250.945,993.1040368520225,993.1040368520225,0.1108239484250709,0.1051020358373593
US--ZA,US,ZA,13024.504641792455,10,12532.0,12630.0,12602.5,12597.337499981735,410.46856693837645,168484.44444444444,11600.0,12900.0,12375.0,12852.5,477.5,250.0,0.03275363604679033,1,0,12279.95,12735.05,492.504641792455,-492.504641792455,-0.03781369467304944,-0.03854718248596497
