id,country_id,country_name,capital_name,latitude,longitude,continent,region,iso_code,alternative_spellings,localized_names,decision,source_id
AO,AO,Angola,Luanda,-8.83634,13.232481,Africa,Middle Africa,AO,,"{""en"": ""Luanda"", ""de"": ""Luanda"", ""es"": ""Luanda"", ""fr"": ""Luanda"", ""pt"": ""Luanda"", ""ru"": ""Луанда"", ""zh"": ""罗安达"", ""ar"": ""لواندا"", ""bn"": ""লুয়ান্ডা"", ""el"": ""Λουάντα"", ""hi"": ""लुआण्डा"", ""hu"": ""Luanda"", ""id"": ""Luanda"", ""it"": ""Luanda"", ""ja"": ""ルアンダ"", ""ko"": ""루안다"", ""nl"": ""Luanda"", ""pl"": ""Luanda"", ""sv"": ""Luanda"", ""tr"": ""Luanda"", ""vi"": ""Luanda"", ""fa"": ""لوآندا"", ""he"": ""לואנדה"", ""uk"": ""Луанда"", ""ur"": ""لواندا"", ""zht"": ""羅安達""}",One national capital selected for expanded purposive sample.,1159151469
AR,AR,Argentina,Buenos Aires,-34.600556,-58.399477,South America,South America,AR,,"{""en"": ""Buenos Aires"", ""de"": ""Buenos Aires"", ""es"": ""Buenos Aires"", ""fr"": ""Buenos Aires"", ""pt"": ""Buenos Aires"", ""ru"": ""Буэнос-Айрес"", ""zh"": ""布宜诺斯艾利斯"", ""ar"": ""بوينس آيرس"", ""bn"": ""বুয়েনোস আইরেস"", ""el"": ""Μπουένος Άιρες"", ""hi"": ""ब्यूनस आयर्स"", ""hu"": ""Buenos Aires"", ""id"": ""Buenos Aires"", ""it"": ""Buenos Aires"", ""ja"": ""ブエノスアイレス"", ""ko"": ""부에노스아이레스"", ""nl"": ""Buenos Aires"", ""pl"": ""Buenos Aires"", ""sv"": ""Buenos Aires"", ""tr"": ""Buenos Aires"", ""vi"": ""Buenos Aires"", ""fa"": ""بوئنوس آیرس"", ""he"": ""בואנוס איירס"", ""uk"": ""Буенос-Айрес"", ""ur"": ""بیونس آئرس"", ""zht"": ""布宜諾斯艾利斯""}",One national capital selected for pilot,1159151559
AU,AU,Australia,Canberra,-35.283029,149.129026,Oceania,Australia and New Zealand,AU,,"{""en"": ""Canberra"", ""de"": ""Canberra"", ""es"": ""Canberra"", ""fr"": ""Canberra"", ""pt"": ""Camberra"", ""ru"": ""Канберра"", ""zh"": ""堪培拉"", ""ar"": ""كانبرا"", ""bn"": ""ক্যানবেরা"", ""el"": ""Καμπέρα"", ""hi"": ""कैनबरा"", ""hu"": ""Canberra"", ""id"": ""Canberra"", ""it"": ""Canberra"", ""ja"": ""キャンベラ"", ""ko"": ""캔버라"", ""nl"": ""Canberra"", ""pl"": ""Canberra"", ""sv"": ""Canberra"", ""tr"": ""Canberra"", ""vi"": ""Canberra"", ""fa"": ""کانبرا"", ""he"": ""קנברה"", ""uk"": ""Канберра"", ""ur"": ""کینبرا"", ""zht"": ""坎培拉""}",One national capital selected for pilot,1159151161
BD,BD,Bangladesh,Dhaka,23.725006,90.406634,Asia,Southern Asia,BD,,"{""en"": ""Dhaka"", ""de"": ""Dhaka"", ""es"": ""Dacca"", ""fr"": ""Dacca"", ""pt"": ""Daca"", ""ru"": ""Дакка"", ""zh"": ""达卡"", ""ar"": ""دكا"", ""bn"": ""ঢাকা"", ""el"": ""Ντάκα"", ""hi"": ""ढाका"", ""hu"": ""Dakka"", ""id"": ""Dhaka"", ""it"": ""Dacca"", ""ja"": ""ダッカ"", ""ko"": ""다카"", ""nl"": ""Dhaka"", ""pl"": ""Dhaka"", ""sv"": ""Dhaka"", ""tr"": ""Dakka"", ""vi"": ""Dhaka"", ""fa"": ""داکا"", ""he"": ""דאקה"", ""uk"": ""Дакка"", ""ur"": ""ڈھاکہ"", ""zht"": ""達卡""}",One national capital selected for expanded purposive sample.,1159151467
BR,BR,Brazil,Brasília,-15.781394,-47.917998,South America,South America,BR,Brasilia,"{""en"": ""Brasília"", ""de"": ""Brasília"", ""es"": ""Brasilia"", ""fr"": ""Brasilia"", ""pt"": ""Brasília"", ""ru"": ""Бразилиа"", ""zh"": ""巴西利亚"", ""ar"": ""برازيليا"", ""bn"": ""ব্রাসিলিয়া"", ""el"": ""Μπραζίλια"", ""hi"": ""ब्रासीलिया"", ""hu"": ""Brazíliaváros"", ""id"": ""Brasília"", ""it"": ""Brasilia"", ""ja"": ""ブラジリア"", ""ko"": ""브라질리아"", ""nl"": ""Brasilia"", ""pl"": ""Brasília"", ""sv"": ""Brasília"", ""tr"": ""Brasília"", ""vi"": ""Brasilia"", ""fa"": ""برازیلیا"", ""he"": ""ברזיליה"", ""uk"": ""Бразиліа"", ""ur"": ""براسیلیا"", ""zht"": ""巴西利亞""}",One national capital selected for pilot,1159151443
CA,CA,Canada,Ottawa,45.418643,-75.701961,North America,Northern America,CA,Ottawa-Gatineau,"{""en"": ""Ottawa"", ""de"": ""Ottawa"", ""es"": ""Ottawa"", ""fr"": ""Ottawa"", ""pt"": ""Ottawa"", ""ru"": ""Оттава"", ""zh"": ""渥太华"", ""ar"": ""أوتاوا"", ""bn"": ""অটোয়া"", ""el"": ""Οττάβα"", ""hi"": ""ओटावा"", ""hu"": ""Ottawa"", ""id"": ""Ottawa"", ""it"": ""Ottawa"", ""ja"": ""オタワ"", ""ko"": ""오타와"", ""nl"": ""Ottawa"", ""pl"": ""Ottawa"", ""sv"": ""Ottawa"", ""tr"": ""Ottawa"", ""vi"": ""Ottawa"", ""fa"": ""اتاوا"", ""he"": ""אוטווה"", ""uk"": ""Оттава"", ""ur"": ""اوٹاوا"", ""zht"": ""渥太華""}",One national capital selected for pilot,1159151059
CD,CD,Democratic Republic of the Congo,Kinshasa,-4.327778,15.313026,Africa,Middle Africa,CD,,"{""en"": ""Kinshasa"", ""de"": ""Kinshasa"", ""es"": ""Kinsasa"", ""fr"": ""Kinshasa"", ""pt"": ""Kinshasa"", ""ru"": ""Киншаса"", ""zh"": ""金沙萨"", ""ar"": ""كينشاسا"", ""bn"": ""কিনশাসা"", ""el"": ""Κινσασά"", ""hi"": ""किन्शासा"", ""hu"": ""Kinshasa"", ""id"": ""Kinshasa"", ""it"": ""Kinshasa"", ""ja"": ""キンシャサ"", ""ko"": ""킨샤사"", ""nl"": ""Kinshasa"", ""pl"": ""Kinszasa"", ""sv"": ""Kinshasa"", ""tr"": ""Kinşasa"", ""vi"": ""Kinshasa"", ""fa"": ""کینشاسا"", ""he"": ""קינשאסה"", ""uk"": ""Кіншаса"", ""ur"": ""کنشاسا"", ""zht"": ""金夏沙""}",One national capital selected for expanded purposive sample.,1159151539
CL,CL,Chile,Santiago,-33.448068,-70.668987,South America,South America,CL,,"{""en"": ""Santiago"", ""de"": ""Santiago de Chile"", ""es"": ""Santiago de Chile"", ""fr"": ""Santiago"", ""pt"": ""Santiago"", ""ru"": ""Сантьяго"", ""zh"": ""圣地亚哥"", ""ar"": ""سانتياغو"", ""bn"": ""সান্তিয়াগো"", ""el"": ""Σαντιάγο"", ""hi"": ""सेण्टियागो"", ""hu"": ""Santiago de Chile"", ""id"": ""Santiago de Chile"", ""it"": ""Santiago del Cile"", ""ja"": ""サンティアゴ"", ""ko"": ""산티아고"", ""nl"": ""Santiago"", ""pl"": ""Santiago"", ""sv"": ""Santiago de Chile"", ""tr"": ""Santiago"", ""vi"": ""Santiago de Chile"", ""fa"": ""سانتیاگو"", ""he"": ""סנטיאגו דה צ'ילה"", ""uk"": ""Сантьяго"", ""ur"": ""سینٹیاگو"", ""zht"": ""聖地亞哥""}",One national capital selected for expanded purposive sample.,1159151615
CN,CN,China,Beijing,39.930838,116.38634,Asia,Eastern Asia,CN,,"{""en"": ""Beijing"", ""de"": ""Peking"", ""es"": ""Pekín"", ""fr"": ""Pékin"", ""pt"": ""Pequim"", ""ru"": ""Пекин"", ""zh"": ""北京"", ""ar"": ""بكين"", ""bn"": ""বেইজিং"", ""el"": ""Πεκίνο"", ""hi"": ""बीजिंग"", ""hu"": ""Peking"", ""id"": ""Beijing"", ""it"": ""Pechino"", ""ja"": ""北京市"", ""ko"": ""베이징시"", ""nl"": ""Peking"", ""pl"": ""Pekin"", ""sv"": ""Peking"", ""tr"": ""Pekin"", ""vi"": ""Bắc Kinh"", ""fa"": ""پکن"", ""he"": ""בייג'ינג"", ""uk"": ""Пекін"", ""ur"": ""بیجنگ"", ""zht"": ""北京市""}",One national capital selected for pilot,1159151595
CO,CO,Colombia,Bogotá,4.598369,-74.08529,South America,South America,CO,Bogota,"{""en"": ""Bogotá"", ""de"": ""Bogotá"", ""es"": ""Bogotá"", ""fr"": ""Bogota"", ""pt"": ""Bogotá"", ""ru"": ""Богота"", ""zh"": ""波哥大"", ""ar"": ""بوغوتا"", ""bn"": ""বোগোতা"", ""el"": ""Μπογκοτά"", ""hi"": ""बोगोटा"", ""hu"": ""Bogotá"", ""id"": ""Bogotá"", ""it"": ""Bogotà"", ""ja"": ""ボゴタ"", ""ko"": ""보고타"", ""nl"": ""Bogota"", ""pl"": ""Bogota"", ""sv"": ""Bogotá"", ""tr"": ""Bogotá"", ""vi"": ""Bogotá"", ""fa"": ""بوگوتا"", ""he"": ""בוגוטה"", ""uk"": ""Богота"", ""ur"": ""بوگوتا"", ""zht"": ""波哥大""}",One national capital selected for expanded purposive sample.,1159151601
DE,DE,Germany,Berlin,52.523765,13.399603,Europe,Western Europe,DE,,"{""en"": ""Berlin"", ""de"": ""Berlin"", ""es"": ""Berlín"", ""fr"": ""Berlin"", ""pt"": ""Berlim"", ""ru"": ""Берлин"", ""zh"": ""柏林"", ""ar"": ""برلين"", ""bn"": ""বার্লিন"", ""el"": ""Βερολίνο"", ""hi"": ""बर्लिन"", ""hu"": ""Berlin"", ""id"": ""Berlin"", ""it"": ""Berlino"", ""ja"": ""ベルリン"", ""ko"": ""베를린"", ""nl"": ""Berlijn"", ""pl"": ""Berlin"", ""sv"": ""Berlin"", ""tr"": ""Berlin"", ""vi"": ""Berlin"", ""fa"": ""برلین"", ""he"": ""ברלין"", ""uk"": ""Берлін"", ""ur"": ""برلن"", ""zht"": ""柏林""}",One national capital selected for pilot,1159151529
DZ,DZ,Algeria,Algiers,36.765011,3.048607,Africa,Northern Africa,DZ,El Djazacr,"{""en"": ""Algiers"", ""de"": ""Algier"", ""es"": ""Argel"", ""fr"": ""Alger"", ""pt"": ""Argel"", ""ru"": ""Алжир"", ""zh"": ""阿尔及尔"", ""ar"": ""الجزائر"", ""bn"": ""আলজিয়ার্স"", ""el"": ""Αλγέρι"", ""hi"": ""अल्जीयर्स"", ""hu"": ""Algír"", ""id"": ""Aljir"", ""it"": ""Algeri"", ""ja"": ""アルジェ"", ""ko"": ""알제"", ""nl"": ""Algiers"", ""pl"": ""Algier"", ""sv"": ""Alger"", ""tr"": ""Cezayir"", ""vi"": ""Algiers"", ""fa"": ""الجزیره"", ""he"": ""אלג'יר"", ""uk"": ""Алжир"", ""ur"": ""الجزائر شہر"", ""zht"": ""阿爾及爾""}",One national capital selected for expanded purposive sample.,1159151471
EG,EG,Egypt,Cairo,30.051906,31.248022,Africa,Northern Africa,EG,Al-Qahirah,"{""en"": ""Cairo"", ""de"": ""Kairo"", ""es"": ""El Cairo"", ""fr"": ""Le Caire"", ""pt"": ""Cairo"", ""ru"": ""Каир"", ""zh"": ""开罗"", ""ar"": ""القاهرة"", ""bn"": ""কায়রো"", ""el"": ""Κάιρο"", ""hi"": ""काहिरा"", ""hu"": ""Kairó"", ""id"": ""Kairo"", ""it"": ""Il Cairo"", ""ja"": ""カイロ"", ""ko"": ""카이로"", ""nl"": ""Caïro"", ""pl"": ""Kair"", ""sv"": ""Kairo"", ""tr"": ""Kahire"", ""vi"": ""Cairo"", ""fa"": ""قاهره"", ""he"": ""קהיר"", ""uk"": ""Каїр"", ""ur"": ""قاہرہ"", ""zht"": ""開羅""}",One national capital selected for pilot,1159151603
ES,ES,Spain,Madrid,40.401972,-3.685298,Europe,Southern Europe,ES,,"{""en"": ""Madrid"", ""de"": ""Madrid"", ""es"": ""Madrid"", ""fr"": ""Madrid"", ""pt"": ""Madrid"", ""ru"": ""Мадрид"", ""zh"": ""马德里"", ""ar"": ""مدريد"", ""bn"": ""মাদ্রিদ"", ""el"": ""Μαδρίτη"", ""hi"": ""मद्रिद"", ""hu"": ""Madrid"", ""id"": ""Madrid"", ""it"": ""Madrid"", ""ja"": ""マドリード"", ""ko"": ""마드리드"", ""nl"": ""Madrid"", ""pl"": ""Madryt"", ""sv"": ""Madrid"", ""tr"": ""Madrid"", ""vi"": ""Madrid"", ""fa"": ""مادرید"", ""he"": ""מדריד"", ""uk"": ""Мадрид"", ""ur"": ""میدرد"", ""zht"": ""馬德里""}",One national capital selected for expanded purposive sample.,1159151503
ET,ET,Ethiopia,Addis Ababa,9.035256,38.698059,Africa,Eastern Africa,ET,,"{""en"": ""Addis Ababa"", ""de"": ""Addis Abeba"", ""es"": ""Adís Abeba"", ""fr"": ""Addis-Abeba"", ""pt"": ""Adis Abeba"", ""ru"": ""Аддис-Абеба"", ""zh"": ""亚的斯亚贝巴"", ""ar"": ""أديس أبابا"", ""bn"": ""আদ্দিস আবাবা"", ""el"": ""Αντίς Αμπέμπα"", ""hi"": ""अदीस अबाबा"", ""hu"": ""Addisz-Abeba"", ""id"": ""Addis Ababa"", ""it"": ""Addis Abeba"", ""ja"": ""アディスアベバ"", ""ko"": ""아디스아바바"", ""nl"": ""Addis Abeba"", ""pl"": ""Addis Abeba"", ""sv"": ""Addis Abeba"", ""tr"": ""Addis Ababa"", ""vi"": ""Addis Ababa"", ""fa"": ""آدیس آبابا"", ""he"": ""אדיס אבבה"", ""uk"": ""Аддис-Абеба"", ""ur"": ""ادیس ابابا"", ""zht"": ""阿迪斯阿貝巴""}",One national capital selected for expanded purposive sample.,1159151549
FI,FI,Finland,Helsinki,60.177509,24.932181,Europe,Northern Europe,FI,,"{""en"": ""Helsinki"", ""de"": ""Helsinki"", ""es"": ""Helsinki"", ""fr"": ""Helsinki"", ""pt"": ""Helsínquia"", ""ru"": ""Хельсинки"", ""zh"": ""赫尔辛基"", ""ar"": ""هلسنكي"", ""bn"": ""হেলসিঙ্কি"", ""el"": ""Ελσίνκι"", ""hi"": ""हेलसिंकी"", ""hu"": ""Helsinki"", ""id"": ""Helsinki"", ""it"": ""Helsinki"", ""ja"": ""ヘルシンキ"", ""ko"": ""헬싱키"", ""nl"": ""Helsinki"", ""pl"": ""Helsinki"", ""sv"": ""Helsingfors"", ""tr"": ""Helsinki"", ""vi"": ""Helsinki"", ""fa"": ""هلسینکی"", ""he"": ""הלסינקי"", ""uk"": ""Гельсінкі"", ""ur"": ""ہلسنکی"", ""zht"": ""赫爾辛基""}",One national capital selected for expanded purposive sample.,1159151419
FJ,FJ,Fiji,Suva,-18.133016,178.441707,Oceania,Melanesia,FJ,,"{""en"": ""Suva"", ""de"": ""Suva"", ""es"": ""Suva"", ""fr"": ""Suva"", ""pt"": ""Suva"", ""ru"": ""Сува"", ""zh"": ""苏瓦"", ""ar"": ""سوفا"", ""bn"": ""সুভা"", ""el"": ""Σούβα"", ""hi"": ""सुवा"", ""hu"": ""Suva"", ""id"": ""Suva"", ""it"": ""Suva"", ""ja"": ""スバ"", ""ko"": ""수바"", ""nl"": ""Suva"", ""pl"": ""Suva"", ""sv"": ""Suva"", ""tr"": ""Suva"", ""vi"": ""Suva"", ""fa"": ""سووا"", ""he"": ""סובה"", ""uk"": ""Сува"", ""ur"": ""سووا"", ""zht"": ""蘇瓦""}",One national capital selected for pilot,1159150917
FR,FR,France,Paris,48.868639,2.33139,Europe,Western Europe,FR,,"{""en"": ""Paris"", ""de"": ""Paris"", ""es"": ""París"", ""fr"": ""Paris"", ""pt"": ""Paris"", ""ru"": ""Париж"", ""zh"": ""巴黎"", ""ar"": ""باريس"", ""bn"": ""প্যারিস"", ""el"": ""Παρίσι"", ""hi"": ""पैरिस"", ""hu"": ""Párizs"", ""id"": ""Paris"", ""it"": ""Parigi"", ""ja"": ""パリ"", ""ko"": ""파리"", ""nl"": ""Parijs"", ""pl"": ""Paryż"", ""sv"": ""Paris"", ""tr"": ""Paris"", ""vi"": ""Paris"", ""fa"": ""پاریس"", ""he"": ""פריז"", ""uk"": ""Париж"", ""ur"": ""پیرس"", ""zht"": ""巴黎""}",One national capital selected for pilot,1159151613
GB,GB,United Kingdom,London,51.501941,-0.118668,Europe,Northern Europe,GB,,"{""en"": ""London"", ""de"": ""London"", ""es"": ""Londres"", ""fr"": ""Londres"", ""pt"": ""Londres"", ""ru"": ""Лондон"", ""zh"": ""伦敦"", ""ar"": ""لندن"", ""bn"": ""লন্ডন"", ""el"": ""Λονδίνο"", ""hi"": ""लंदन"", ""hu"": ""London"", ""id"": ""London"", ""it"": ""Londra"", ""ja"": ""ロンドン"", ""ko"": ""런던"", ""nl"": ""Londen"", ""pl"": ""Londyn"", ""sv"": ""London"", ""tr"": ""Londra"", ""vi"": ""Luân Đôn"", ""fa"": ""لندن"", ""he"": ""לונדון"", ""uk"": ""Лондон"", ""ur"": ""لندن"", ""zht"": ""倫敦""}",One national capital selected for pilot,1159151577
GH,GH,Ghana,Accra,5.551981,-0.218662,Africa,Western Africa,GH,,"{""en"": ""Accra"", ""de"": ""Accra"", ""es"": ""Acra"", ""fr"": ""Accra"", ""pt"": ""Acra"", ""ru"": ""Аккра"", ""zh"": ""阿克拉"", ""ar"": ""أكرا"", ""bn"": ""আক্রা"", ""el"": ""Άκκρα"", ""hi"": ""अक्रा"", ""hu"": ""Accra"", ""id"": ""Accra"", ""it"": ""Accra"", ""ja"": ""アクラ"", ""ko"": ""아크라"", ""nl"": ""Accra"", ""pl"": ""Akra"", ""sv"": ""Accra"", ""tr"": ""Akra"", ""vi"": ""Accra"", ""fa"": ""آکرا"", ""he"": ""אקרה"", ""uk"": ""Аккра"", ""ur"": ""اکرا"", ""zht"": ""阿克拉""}",One national capital selected for expanded purposive sample.,1159151403
GR,GR,Greece,Athens,37.985272,23.731375,Europe,Southern Europe,GR,Athinai,"{""en"": ""Athens"", ""de"": ""Athen"", ""es"": ""Atenas"", ""fr"": ""Athènes"", ""pt"": ""Atenas"", ""ru"": ""Афины"", ""zh"": ""雅典"", ""ar"": ""أثينا"", ""bn"": ""অ্যাথেন্স"", ""el"": ""Αθήνα"", ""hi"": ""एथेंस"", ""hu"": ""Athén"", ""id"": ""Athena"", ""it"": ""Atene"", ""ja"": ""アテネ"", ""ko"": ""아테네"", ""nl"": ""Athene"", ""pl"": ""Ateny"", ""sv"": ""Aten"", ""tr"": ""Atina"", ""vi"": ""Athena"", ""fa"": ""آتن"", ""he"": ""אתונה"", ""uk"": ""Афіни"", ""ur"": ""ایتھنز"", ""zht"": ""雅典""}",One national capital selected for expanded purposive sample.,1159151545
IN,IN,India,New Delhi,28.600023,77.19998,Asia,Southern Asia,IN,,"{""en"": ""New Delhi"", ""de"": ""Neu-Delhi"", ""es"": ""Nueva Delhi"", ""fr"": ""New Delhi"", ""pt"": ""Nova Deli"", ""ru"": ""Нью-Дели"", ""zh"": ""新德里"", ""ar"": ""نيودلهي"", ""bn"": ""নতুন দিল্লি"", ""el"": ""Νέο Δελχί"", ""hi"": ""नई दिल्ली"", ""hu"": ""Új-Delhi"", ""id"": ""New Delhi"", ""it"": ""Nuova Delhi"", ""ja"": ""ニューデリー"", ""ko"": ""뉴델리"", ""nl"": ""New Delhi"", ""pl"": ""Nowe Delhi"", ""sv"": ""New Delhi"", ""tr"": ""Yeni Delhi"", ""vi"": ""New Delhi"", ""fa"": ""دهلی نو"", ""he"": ""ניו דלהי"", ""uk"": ""Нью-Делі"", ""ur"": ""نئی دہلی"", ""zht"": ""新德里""}",One national capital selected for pilot,1159151541
IT,IT,Italy,Rome,41.897902,12.481313,Europe,Southern Europe,IT,,"{""en"": ""Rome"", ""de"": ""Rom"", ""es"": ""Roma"", ""fr"": ""Rome"", ""pt"": ""Roma"", ""ru"": ""Рим"", ""zh"": ""罗马"", ""ar"": ""روما"", ""bn"": ""রোম"", ""el"": ""Ρώμη"", ""hi"": ""रोम"", ""hu"": ""Róma"", ""id"": ""Roma"", ""it"": ""Roma"", ""ja"": ""ローマ"", ""ko"": ""로마"", ""nl"": ""Rome"", ""pl"": ""Rzym"", ""sv"": ""Rom"", ""tr"": ""Roma"", ""vi"": ""Roma"", ""fa"": ""رم"", ""he"": ""רומא"", ""uk"": ""Рим"", ""ur"": ""روم"", ""zht"": ""羅馬""}",One national capital selected for expanded purposive sample.,1159151593
JP,JP,Japan,Tokyo,35.686963,139.749462,Asia,Eastern Asia,JP,,"{""en"": ""Tokyo"", ""de"": ""Tokio"", ""es"": ""Tokio"", ""fr"": ""Tokyo"", ""pt"": ""Tóquio"", ""ru"": ""Токио"", ""zh"": ""东京"", ""ar"": ""طوكيو"", ""bn"": ""টোকিও"", ""el"": ""Τόκιο"", ""hi"": ""टोक्यो"", ""hu"": ""Tokió"", ""id"": ""Tokyo"", ""it"": ""Tokyo"", ""ja"": ""東京都"", ""ko"": ""도쿄도"", ""nl"": ""Tokio"", ""pl"": ""Tokio"", ""sv"": ""Tokyo prefektur"", ""tr"": ""Tokyo"", ""vi"": ""Tokyo"", ""fa"": ""توکیو"", ""he"": ""טוקיו"", ""uk"": ""Токіо"", ""ur"": ""توکیو"", ""zht"": ""東京""}",One national capital selected for pilot,1159151609
KE,KE,Kenya,Nairobi,-1.281401,36.814711,Africa,Eastern Africa,KE,,"{""en"": ""Nairobi"", ""de"": ""Nairobi"", ""es"": ""Nairobi"", ""fr"": ""Nairobi"", ""pt"": ""Nairóbi"", ""ru"": ""Найроби"", ""zh"": ""内罗毕"", ""ar"": ""نيروبي"", ""bn"": ""নাইরোবি"", ""el"": ""Ναϊρόμπι"", ""hi"": ""नैरोबी"", ""hu"": ""Nairobi"", ""id"": ""Nairobi"", ""it"": ""Nairobi"", ""ja"": ""ナイロビ"", ""ko"": ""나이로비"", ""nl"": ""Nairobi"", ""pl"": ""Nairobi"", ""sv"": ""Nairobi"", ""tr"": ""Nairobi"", ""vi"": ""Nairobi"", ""fa"": ""نایروبی"", ""he"": ""ניירובי"", ""uk"": ""Найробі"", ""ur"": ""نیروبی"", ""zht"": ""奈洛比""}",One national capital selected for pilot,1159151597
KR,KR,South Korea,Seoul,37.568295,126.997785,Asia,Eastern Asia,KR,,"{""en"": ""Seoul"", ""de"": ""Seoul"", ""es"": ""Seúl"", ""fr"": ""Séoul"", ""pt"": ""Seul"", ""ru"": ""Сеул"", ""zh"": ""首尔"", ""ar"": ""سول"", ""bn"": ""সিউল"", ""el"": ""Σεούλ"", ""hi"": ""सियोल"", ""hu"": ""Szöul"", ""id"": ""Seoul"", ""it"": ""Seul"", ""ja"": ""ソウル特別市"", ""ko"": ""서울특별시"", ""nl"": ""Seoel"", ""pl"": ""Seul"", ""sv"": ""Seoul"", ""tr"": ""Seul"", ""vi"": ""Seoul"", ""fa"": ""سئول"", ""he"": ""סיאול"", ""uk"": ""Сеул"", ""ur"": ""سؤل"", ""zht"": ""首爾""}",One national capital selected for expanded purposive sample.,1159151523
MA,MA,Morocco,Rabat,34.025307,-6.836408,Africa,Northern Africa,MA,,"{""en"": ""Rabat"", ""de"": ""Rabat"", ""es"": ""Rabat"", ""fr"": ""Rabat"", ""pt"": ""Rabat"", ""ru"": ""Рабат"", ""zh"": ""拉巴特"", ""ar"": ""الرباط"", ""bn"": ""রাবাত"", ""el"": ""Ραμπάτ"", ""hi"": ""रबात"", ""hu"": ""Rabat"", ""id"": ""Rabat"", ""it"": ""Rabat"", ""ja"": ""ラバト"", ""ko"": ""라바트"", ""nl"": ""Rabat"", ""pl"": ""Rabat"", ""sv"": ""Rabat"", ""tr"": ""Rabat"", ""vi"": ""Rabat"", ""fa"": ""رباط"", ""he"": ""רבאט"", ""uk"": ""Рабат"", ""ur"": ""رباط"", ""zht"": ""拉巴特""}",One national capital selected for expanded purposive sample.,1159150673
MX,MX,Mexico,Mexico City,19.444388,-99.132934,North America,Central America,MX,Ciudad de M,"{""en"": ""Mexico City"", ""de"": ""Mexiko-Stadt"", ""es"": ""Ciudad de México"", ""fr"": ""Mexico"", ""pt"": ""Cidade do México"", ""ru"": ""Мехико"", ""zh"": ""墨西哥城"", ""ar"": ""مدينة مكسيكو"", ""bn"": ""মেক্সিকো সিটি"", ""el"": ""Πόλη του Μεξικού"", ""hi"": ""मेक्सिको नगर"", ""hu"": ""Mexikóváros"", ""id"": ""Kota Meksiko"", ""it"": ""Città del Messico"", ""ja"": ""メキシコシティ"", ""ko"": ""멕시코시티"", ""nl"": ""Mexico-Stad"", ""pl"": ""Meksyk"", ""sv"": ""Mexico City"", ""tr"": ""Meksiko"", ""vi"": ""Thành phố México"", ""fa"": ""مکزیکو سیتی"", ""he"": ""מקסיקו סיטי"", ""uk"": ""Мехіко"", ""ur"": ""میکسیکو شہر"", ""zht"": ""墨西哥城""}",One national capital selected for pilot,1159151587
MY,MY,Malaysia,Kuala Lumpur,3.168612,101.698037,Asia,South-Eastern Asia,MY,,"{""en"": ""Kuala Lumpur"", ""de"": ""Kuala Lumpur"", ""es"": ""Kuala Lumpur"", ""fr"": ""Kuala Lumpur"", ""pt"": ""Kuala Lumpur"", ""ru"": ""Куала-Лумпур"", ""zh"": ""吉隆坡"", ""ar"": ""كوالالمبور"", ""bn"": ""কুয়ালালামপুর"", ""el"": ""Κουάλα Λουμπούρ"", ""hi"": ""कुआलालम्पुर"", ""hu"": ""Kuala Lumpur"", ""id"": ""Kuala Lumpur"", ""it"": ""Kuala Lumpur"", ""ja"": ""クアラルンプール"", ""ko"": ""쿠알라룸푸르"", ""nl"": ""Kuala Lumpur"", ""pl"": ""Kuala Lumpur"", ""sv"": ""Kuala Lumpur"", ""tr"": ""Kuala Lumpur"", ""vi"": ""Kuala Lumpur"", ""fa"": ""کوالالامپور"", ""he"": ""קואלה לומפור"", ""uk"": ""Куала-Лумпур"", ""ur"": ""کوالا لمپور"", ""zht"": ""吉隆坡""}",National capital Kuala Lumpur; federal administrative centre Putrajaya excluded.,1159151317
NG,NG,Nigeria,Abuja,9.085279,7.531382,Africa,Western Africa,NG,,"{""en"": ""Abuja"", ""de"": ""Abuja"", ""es"": ""Abuya"", ""fr"": ""Abuja"", ""pt"": ""Abuja"", ""ru"": ""Абуджа"", ""zh"": ""阿布贾"", ""ar"": ""أبوجا"", ""bn"": ""আবুজা"", ""el"": ""Αμπούτζα"", ""hi"": ""अबुजा"", ""hu"": ""Abuja"", ""id"": ""Abuja"", ""it"": ""Abuja"", ""ja"": ""アブジャ"", ""ko"": ""아부자"", ""nl"": ""Abuja"", ""pl"": ""Abudża"", ""sv"": ""Abuja"", ""tr"": ""Abuja"", ""vi"": ""Abuja"", ""fa"": ""آبوجا"", ""he"": ""אבוג'ה"", ""uk"": ""Абуджа"", ""ur"": ""ابوجا"", ""zht"": ""阿布加""}",One national capital selected for pilot,1159150799
NL,NL,Netherlands,Amsterdam,52.351915,4.914694,Europe,Western Europe,NL,,"{""en"": ""Amsterdam"", ""de"": ""Amsterdam"", ""es"": ""Ámsterdam"", ""fr"": ""Amsterdam"", ""pt"": ""Amesterdão"", ""ru"": ""Амстердам"", ""zh"": ""阿姆斯特丹"", ""ar"": ""أمستردام"", ""bn"": ""আমস্টারডাম"", ""el"": ""Άμστερνταμ"", ""hi"": ""ऐम्स्टर्डैम"", ""hu"": ""Amszterdam"", ""id"": ""Amsterdam"", ""it"": ""Amsterdam"", ""ja"": ""アムステルダム"", ""ko"": ""암스테르담"", ""nl"": ""Amsterdam"", ""pl"": ""Amsterdam"", ""sv"": ""Amsterdam"", ""tr"": ""Amsterdam"", ""vi"": ""Amsterdam"", ""fa"": ""آمستردام"", ""he"": ""אמסטרדם"", ""uk"": ""Амстердам"", ""ur"": ""ایمسٹرڈیم"", ""zht"": ""阿姆斯特丹""}",Constitutional capital Amsterdam; government seat The Hague excluded.,1159151519
NO,NO,Norway,Oslo,59.918636,10.748033,Europe,Northern Europe,NO,,"{""en"": ""Oslo"", ""de"": ""Oslo"", ""es"": ""Oslo"", ""fr"": ""Oslo"", ""pt"": ""Oslo"", ""ru"": ""Осло"", ""zh"": ""奥斯陆"", ""ar"": ""أوسلو"", ""bn"": ""অসলো"", ""el"": ""Όσλο"", ""hi"": ""ओस्लो"", ""hu"": ""Oslo"", ""id"": ""Oslo"", ""it"": ""Oslo"", ""ja"": ""オスロ"", ""ko"": ""오슬로"", ""nl"": ""Oslo"", ""pl"": ""Oslo"", ""sv"": ""Oslo"", ""tr"": ""Oslo"", ""vi"": ""Oslo"", ""fa"": ""اسلو"", ""he"": ""אוסלו"", ""uk"": ""Осло"", ""ur"": ""اوسلو"", ""zht"": ""奧斯陸""}",One national capital selected for expanded purposive sample.,1159151281
NZ,NZ,New Zealand,Wellington,-41.299988,174.783266,Oceania,Australia and New Zealand,NZ,,"{""en"": ""Wellington"", ""de"": ""Wellington"", ""es"": ""Wellington"", ""fr"": ""Wellington"", ""pt"": ""Wellington"", ""ru"": ""Веллингтон"", ""zh"": ""惠灵顿"", ""ar"": ""ويلينغتون"", ""bn"": ""ওয়েলিংটন"", ""el"": ""Ουέλλινγκτον"", ""hi"": ""वेलिंग्टन"", ""hu"": ""Wellington"", ""id"": ""Wellington"", ""it"": ""Wellington"", ""ja"": ""ウェリントン"", ""ko"": ""웰링턴"", ""nl"": ""Wellington"", ""pl"": ""Wellington"", ""sv"": ""Wellington"", ""tr"": ""Wellington"", ""vi"": ""Wellington"", ""fa"": ""ولینگتون"", ""he"": ""ולינגטון"", ""uk"": ""Веллінгтон"", ""ur"": ""ویلنگٹن"", ""zht"": ""威靈頓""}",One national capital selected for pilot,1159151699
PE,PE,Peru,Lima,-12.046067,-77.052008,South America,South America,PE,,"{""en"": ""Lima"", ""de"": ""Lima"", ""es"": ""Lima"", ""fr"": ""Lima"", ""pt"": ""Lima"", ""ru"": ""Лима"", ""zh"": ""利马"", ""ar"": ""ليما"", ""bn"": ""লিমা"", ""el"": ""Λίμα"", ""hi"": ""लीमा"", ""hu"": ""Lima"", ""id"": ""Lima"", ""it"": ""Lima"", ""ja"": ""リマ"", ""ko"": ""리마"", ""nl"": ""Lima"", ""pl"": ""Lima"", ""sv"": ""Lima"", ""tr"": ""Lima"", ""vi"": ""Lima"", ""fa"": ""لیما"", ""he"": ""לימה"", ""uk"": ""Ліма"", ""ur"": ""لیما"", ""zht"": ""利馬""}",One national capital selected for expanded purposive sample.,1159151511
PH,PH,Philippines,Manila,14.606105,120.980271,Asia,South-Eastern Asia,PH,,"{""en"": ""Manila"", ""de"": ""Manila"", ""es"": ""Manila"", ""fr"": ""Manille"", ""pt"": ""Manila"", ""ru"": ""Манила"", ""zh"": ""马尼拉"", ""ar"": ""مانيلا"", ""bn"": ""ম্যানিলা"", ""el"": ""Μανίλα"", ""hi"": ""मनीला"", ""hu"": ""Manila"", ""id"": ""Manila"", ""it"": ""Manila"", ""ja"": ""マニラ"", ""ko"": ""마닐라"", ""nl"": ""Manilla"", ""pl"": ""Manila"", ""sv"": ""Manila"", ""tr"": ""Manila"", ""vi"": ""Manila"", ""fa"": ""مانیل"", ""he"": ""מנילה"", ""uk"": ""Маніла"", ""ur"": ""منیلا"", ""zht"": ""馬尼拉""}",One national capital selected for expanded purposive sample.,1159151525
PK,PK,Pakistan,Islamabad,33.701942,73.164689,Asia,Southern Asia,PK,,"{""en"": ""Islamabad"", ""de"": ""Islamabad"", ""es"": ""Islamabad"", ""fr"": ""Islamabad"", ""pt"": ""Islamabad"", ""ru"": ""Исламабад"", ""zh"": ""伊斯兰堡"", ""ar"": ""إسلام آباد"", ""bn"": ""ইসলামাবাদ"", ""el"": ""Ισλαμαμπάντ"", ""hi"": ""इस्लामाबाद"", ""hu"": ""Iszlámábád"", ""id"": ""Islamabad"", ""it"": ""Islamabad"", ""ja"": ""イスラマバード"", ""ko"": ""이슬라마바드"", ""nl"": ""Islamabad"", ""pl"": ""Islamabad"", ""sv"": ""Islamabad"", ""tr"": ""İslamabad"", ""vi"": ""Islamabad"", ""fa"": ""اسلامآباد"", ""he"": ""אסלאמאבאד"", ""uk"": ""Ісламабад"", ""ur"": ""اسلام آباد"", ""zht"": ""伊斯蘭瑪巴德""}",One national capital selected for expanded purposive sample.,1159150645
PL,PL,Poland,Warsaw,52.251947,20.998054,Europe,Eastern Europe,PL,,"{""en"": ""Warsaw"", ""de"": ""Warschau"", ""es"": ""Varsovia"", ""fr"": ""Varsovie"", ""pt"": ""Varsóvia"", ""ru"": ""Варшава"", ""zh"": ""华沙"", ""ar"": ""وارسو"", ""bn"": ""ওয়ারশ"", ""el"": ""Βαρσοβία"", ""hi"": ""वारसॉ"", ""hu"": ""Varsó"", ""id"": ""Warsawa"", ""it"": ""Varsavia"", ""ja"": ""ワルシャワ"", ""ko"": ""바르샤바"", ""nl"": ""Warschau"", ""pl"": ""Warszawa"", ""sv"": ""Warszawa"", ""tr"": ""Varşova"", ""vi"": ""Warszawa"", ""fa"": ""ورشو"", ""he"": ""ורשה"", ""uk"": ""Варшава"", ""ur"": ""وارسا"", ""zht"": ""華沙""}",One national capital selected for expanded purposive sample.,1159151299
PT,PT,Portugal,Lisbon,38.724669,-9.146812,Europe,Southern Europe,PT,,"{""en"": ""Lisbon"", ""de"": ""Lissabon"", ""es"": ""Lisboa"", ""fr"": ""Lisbonne"", ""pt"": ""Lisboa"", ""ru"": ""Лиссабон"", ""zh"": ""里斯本"", ""ar"": ""لشبونة"", ""bn"": ""লিসবন"", ""el"": ""Λισαβόνα"", ""hi"": ""लिस्बन"", ""hu"": ""Lisszabon"", ""id"": ""Lisboa"", ""it"": ""Lisbona"", ""ja"": ""リスボン"", ""ko"": ""리스본"", ""nl"": ""Lissabon"", ""pl"": ""Lizbona"", ""sv"": ""Lissabon"", ""tr"": ""Lizbon"", ""vi"": ""Lisboa"", ""fa"": ""لیسبون"", ""he"": ""ליסבון"", ""uk"": ""Лісабон"", ""ur"": ""لزبن"", ""zht"": ""里斯本""}",One national capital selected for expanded purposive sample.,1159151273
RU,RU,Russia,Moscow,55.75411,37.613577,Europe,Eastern Europe,RU,,"{""en"": ""Moscow"", ""de"": ""Moskau"", ""es"": ""Moscú"", ""fr"": ""Moscou"", ""pt"": ""Moscovo"", ""ru"": ""Москва"", ""zh"": ""莫斯科"", ""ar"": ""موسكو"", ""bn"": ""মস্কো"", ""el"": ""Μόσχα"", ""hi"": ""मास्को"", ""hu"": ""Moszkva"", ""id"": ""Moskwa"", ""it"": ""Mosca"", ""ja"": ""モスクワ"", ""ko"": ""모스크바"", ""nl"": ""Moskou"", ""pl"": ""Moskwa"", ""sv"": ""Moskva"", ""tr"": ""Moskova"", ""vi"": ""Moskva"", ""fa"": ""مسکو"", ""he"": ""מוסקבה"", ""uk"": ""Москва"", ""ur"": ""ماسکو"", ""zht"": ""莫斯科""}",One national capital selected for expanded purposive sample.,1159151585
SA,SA,Saudi Arabia,Riyadh,24.642779,46.770796,Asia,Western Asia,SA,Ar-Riyadh,"{""en"": ""Riyadh"", ""de"": ""Riad"", ""es"": ""Riad"", ""fr"": ""Riyad"", ""pt"": ""Riade"", ""ru"": ""Эр-Рияд"", ""zh"": ""利雅德"", ""ar"": ""الرياض"", ""bn"": ""রিয়াদ"", ""el"": ""Ριάντ"", ""hi"": ""रियाद"", ""hu"": ""Rijád"", ""id"": ""Riyadh"", ""it"": ""Riad"", ""ja"": ""リヤド"", ""ko"": ""리야드"", ""nl"": ""Riyad"", ""pl"": ""Rijad"", ""sv"": ""Riyadh"", ""tr"": ""Riyad"", ""vi"": ""Riyadh"", ""fa"": ""ریاض"", ""he"": ""ריאד"", ""uk"": ""Ер-Ріяд"", ""ur"": ""ریاض"", ""zht"": ""利雅德""}",One national capital selected for pilot,1159151581
SE,SE,Sweden,Stockholm,59.352706,18.095389,Europe,Northern Europe,SE,,"{""en"": ""Stockholm"", ""de"": ""Stockholm"", ""es"": ""Estocolmo"", ""fr"": ""Stockholm"", ""pt"": ""Estocolmo"", ""ru"": ""Стокгольм"", ""zh"": ""斯德哥尔摩"", ""ar"": ""ستوكهولم"", ""bn"": ""স্টকহোম"", ""el"": ""Στοκχόλμη"", ""hi"": ""स्टॉकहोम"", ""hu"": ""Stockholm"", ""id"": ""Stockholm"", ""it"": ""Stoccolma"", ""ja"": ""ストックホルム"", ""ko"": ""스톡홀름"", ""nl"": ""Stockholm"", ""pl"": ""Sztokholm"", ""sv"": ""Stockholm"", ""tr"": ""Stockholm"", ""vi"": ""Stockholm"", ""fa"": ""استکهلم"", ""he"": ""סטוקהולם"", ""uk"": ""Стокгольм"", ""ur"": ""اسٹاک ہوم"", ""zht"": ""斯德哥爾摩""}",One national capital selected for expanded purposive sample.,1159151507
SG,SG,Singapore,Singapore,1.294979,103.853875,Asia,South-Eastern Asia,SG,,"{""en"": ""Singapore"", ""de"": ""Singapur"", ""es"": ""Singapur"", ""fr"": ""Singapour"", ""pt"": ""Singapura"", ""ru"": ""Сингапур"", ""zh"": ""新加坡"", ""ar"": ""سنغافورة"", ""bn"": ""সিঙ্গাপুর"", ""el"": ""Σιγκαπούρη"", ""hi"": ""सिंगापुर"", ""hu"": ""Szingapúr"", ""id"": ""Singapura"", ""it"": ""Singapore"", ""ja"": ""シンガポール"", ""ko"": ""싱가포르"", ""nl"": ""Singapore"", ""pl"": ""Singapur"", ""sv"": ""Singapore"", ""tr"": ""Singapur"", ""vi"": ""Singapore"", ""fa"": ""سنگاپور"", ""he"": ""סינגפור"", ""uk"": ""Сінгапур"", ""ur"": ""سنگاپور"", ""zht"": ""新加坡""}",City-state; Singapore city point is the canonical capital. Too small for the 110m country-outline dataset.,1159151627
SN,SN,Senegal,Dakar,14.717778,-17.475076,Africa,Western Africa,SN,,"{""en"": ""Dakar"", ""de"": ""Dakar"", ""es"": ""Dakar"", ""fr"": ""Dakar"", ""pt"": ""Dakar"", ""ru"": ""Дакар"", ""zh"": ""达喀尔"", ""ar"": ""داكار"", ""bn"": ""ডাকার"", ""el"": ""Ντακάρ"", ""hi"": ""डकार"", ""hu"": ""Dakar"", ""id"": ""Dakar"", ""it"": ""Dakar"", ""ja"": ""ダカール"", ""ko"": ""다카르"", ""nl"": ""Dakar"", ""pl"": ""Dakar"", ""sv"": ""Dakar"", ""tr"": ""Dakar"", ""vi"": ""Dakar"", ""fa"": ""داکار"", ""he"": ""דקר"", ""uk"": ""Дакар"", ""ur"": ""ڈاکار"", ""zht"": ""達卡""}",One national capital selected for expanded purposive sample.,1159151513
TH,TH,Thailand,Bangkok,13.751945,100.514699,Asia,South-Eastern Asia,TH,Krung Thep,"{""en"": ""Bangkok"", ""de"": ""Bangkok"", ""es"": ""Bangkok"", ""fr"": ""Bangkok"", ""pt"": ""Banguecoque"", ""ru"": ""Бангкок"", ""zh"": ""曼谷"", ""ar"": ""بانكوك"", ""bn"": ""ব্যাংকক"", ""el"": ""Μπανγκόκ"", ""hi"": ""बैंकॉक"", ""hu"": ""Bangkok"", ""id"": ""Bangkok"", ""it"": ""Bangkok"", ""ja"": ""バンコク"", ""ko"": ""방콕"", ""nl"": ""Bangkok"", ""pl"": ""Bangkok"", ""sv"": ""Bangkok"", ""tr"": ""Bangkok"", ""vi"": ""Bangkok"", ""fa"": ""بانکوک"", ""he"": ""בנגקוק"", ""uk"": ""Бангкок"", ""ur"": ""بنکاک"", ""zht"": ""曼谷""}",One national capital selected for pilot,1159151509
TR,TR,Turkey,Ankara,39.929184,32.862446,Asia,Western Asia,TR,,"{""en"": ""Ankara"", ""de"": ""Ankara"", ""es"": ""Ankara"", ""fr"": ""Ankara"", ""pt"": ""Ancara"", ""ru"": ""Анкара"", ""zh"": ""安卡拉"", ""ar"": ""أنقرة"", ""bn"": ""আঙ্কারা"", ""el"": ""Άγκυρα"", ""hi"": ""अंकारा"", ""hu"": ""Ankara"", ""id"": ""Ankara"", ""it"": ""Ankara"", ""ja"": ""アンカラ"", ""ko"": ""앙카라"", ""nl"": ""Ankara"", ""pl"": ""Ankara"", ""sv"": ""Ankara"", ""tr"": ""Ankara"", ""vi"": ""Ankara"", ""fa"": ""آنکارا"", ""he"": ""אנקרה"", ""uk"": ""Анкара"", ""ur"": ""انقرہ"", ""zht"": ""安卡拉""}",One national capital selected for expanded purposive sample.,1159151255
TZ,TZ,United Republic of Tanzania,Dodoma,-6.183306,35.750004,Africa,Eastern Africa,TZ,,"{""en"": ""Dodoma"", ""de"": ""Dodoma"", ""es"": ""Dodoma"", ""fr"": ""Dodoma"", ""pt"": ""Dodoma"", ""ru"": ""Додома"", ""zh"": ""多多马"", ""ar"": ""دودوما"", ""bn"": ""দোদোমা"", ""el"": ""Ντοντόμα"", ""hi"": ""दोदोमा"", ""hu"": ""Dodoma"", ""id"": ""Dodoma"", ""it"": ""Dodoma"", ""ja"": ""ドドマ"", ""ko"": ""도도마"", ""nl"": ""Dodoma"", ""pl"": ""Dodoma"", ""sv"": ""Dodoma"", ""tr"": ""Dodoma"", ""vi"": ""Dodoma"", ""fa"": ""دودوما"", ""he"": ""דודומה"", ""uk"": ""Додома"", ""ur"": ""ڈوڈوما"", ""zht"": ""多多马""}",Dodoma is the capital under the Dodoma Capital City (Declaration) Act 2018; override Natural Earth's older primary-capital flag for Dar es Salaam.,1159149731
UA,UA,Ukraine,Kyiv,50.435313,30.514682,Europe,Eastern Europe,UA,Kyiv,"{""en"": ""Kyiv"", ""de"": ""Kiew"", ""es"": ""Kiev"", ""fr"": ""Kiev"", ""pt"": ""Kiev"", ""ru"": ""Киев"", ""zh"": ""基辅"", ""ar"": ""كييف"", ""bn"": ""কিয়েভ"", ""el"": ""Κίεβο"", ""hi"": ""कीव"", ""hu"": ""Kijev"", ""id"": ""Kiev"", ""it"": ""Kiev"", ""ja"": ""キエフ"", ""ko"": ""키예프"", ""nl"": ""Kiev"", ""pl"": ""Kijów"", ""sv"": ""Kiev"", ""tr"": ""Kiev"", ""vi"": ""Kiev"", ""fa"": ""کییف"", ""he"": ""קייב"", ""uk"": ""Київ"", ""ur"": ""کیف"", ""zht"": ""基輔""}",One national capital selected for expanded purposive sample.,1159151495
US,US,United States of America,"Washington, D.C.",38.901495,-77.011364,North America,Northern America,US,Washington D.C.,"{""en"": ""Washington"", ""de"": ""Washington"", ""es"": ""Washington D. C."", ""fr"": ""Washington"", ""pt"": ""Washington"", ""ru"": ""Вашингтон"", ""zh"": ""华盛顿哥伦比亚特区"", ""ar"": ""واشنطن"", ""bn"": ""ওয়াশিংটন"", ""el"": ""Ουάσινγκτον"", ""hi"": ""वॉशिंगटन डी॰ सी॰"", ""hu"": ""Washington"", ""id"": ""Washington"", ""it"": ""Washington"", ""ja"": ""ワシントンD.C."", ""ko"": ""워싱턴 D.C."", ""nl"": ""Washington D.C."", ""pl"": ""Waszyngton"", ""sv"": ""Washington"", ""tr"": ""Washington"", ""vi"": ""Washington"", ""fa"": ""واشینگتن"", ""he"": ""וושינגטון די. סי."", ""uk"": ""Вашингтон"", ""ur"": ""واشنگٹن ڈی سی"", ""zht"": ""華盛頓哥倫比亞特區""}",One national capital selected for pilot,1159151573
VN,VN,Vietnam,Hanoi,21.035273,105.848068,Asia,South-Eastern Asia,VN,H,"{""en"": ""Hanoi"", ""de"": ""Hanoi"", ""es"": ""Hanói"", ""fr"": ""Hanoï"", ""pt"": ""Hanói"", ""ru"": ""Ханой"", ""zh"": ""河内"", ""ar"": ""هانوي"", ""bn"": ""হ্যানয়"", ""el"": ""Ανόι"", ""hi"": ""हनोई"", ""hu"": ""Hanoi"", ""id"": ""Hanoi"", ""it"": ""Hanoi"", ""ja"": ""ハノイ"", ""ko"": ""하노이"", ""nl"": ""Hanoi"", ""pl"": ""Hanoi"", ""sv"": ""Hanoi"", ""tr"": ""Hanoi"", ""vi"": ""Hà Nội"", ""fa"": ""هانوی"", ""he"": ""האנוי"", ""uk"": ""Ханой"", ""ur"": ""ہنوئی"", ""zht"": ""河內市""}",One national capital selected for expanded purposive sample.,1159151251
ZA,ZA,South Africa,Pretoria,-25.704975,28.227483,Africa,Southern Africa,ZA,,"{""en"": ""Pretoria"", ""de"": ""Pretoria"", ""es"": ""Pretoria"", ""fr"": ""Pretoria"", ""pt"": ""Pretória"", ""ru"": ""Претория"", ""zh"": ""比勒陀利亚"", ""ar"": ""بريتوريا"", ""bn"": ""প্রিটোরিয়া"", ""el"": ""Πρετόρια"", ""hi"": ""प्रिटोरिया"", ""hu"": ""Pretoria"", ""id"": ""Pretoria"", ""it"": ""Pretoria"", ""ja"": ""プレトリア"", ""ko"": ""프리토리아"", ""nl"": ""Pretoria"", ""pl"": ""Pretoria"", ""sv"": ""Pretoria"", ""tr"": ""Pretoria"", ""vi"": ""Pretoria"", ""fa"": ""پرتوریا"", ""he"": ""פרטוריה"", ""uk"": ""Преторія"", ""ur"": ""پریٹوریا"", ""zht"": ""普利托利亞""}",Executive capital; legislative Cape Town and judicial Bloemfontein excluded,1159150661
